USE moonshotlabs;

-- Team

insert into Team (team_id, team_name, wins, losses, location, coach_1, coach_2) values (1, 'Atlanta Braves', 8, 92, 'Atlanta', 'Lynsey Kimble', 'Constantine Ralph');
insert into Team (team_id, team_name, wins, losses, location, coach_1, coach_2) values (2, 'Miami Marlins', 23, 77, 'Miami', 'Jerry Thirst', 'Sascha McCarry');
insert into Team (team_id, team_name, wins, losses, location, coach_1, coach_2) values (3, 'New York Mets', 73, 27, 'New York', 'Judie Jachimak', 'Amalle Barniss');
insert into Team (team_id, team_name, wins, losses, location, coach_1, coach_2) values (4, 'Philadelphia Phillies', 47, 53, 'Philadelphia', 'Alford Arbor', 'Aundrea Kleynen');
insert into Team (team_id, team_name, wins, losses, location, coach_1, coach_2) values (5, 'Washington Nationals', 74, 26, 'Washington', 'Bobbee Tawton', 'Wolfy Starsmore');
insert into Team (team_id, team_name, wins, losses, location, coach_1, coach_2) values (6, 'Chicago Cubs', 75, 25, 'Chicago', 'Scott Keohane', 'Katharyn Faucett');
insert into Team (team_id, team_name, wins, losses, location, coach_1, coach_2) values (7, 'Cincinnati Reds', 42, 58, 'Cincinnati', 'Leann Rosenau', 'Chiarra Hurn');
insert into Team (team_id, team_name, wins, losses, location, coach_1, coach_2) values (8, 'Milwaukee Brewers', 7, 93, 'Milwaukee', 'Patin Canavan', 'Gallagher Nutley');
insert into Team (team_id, team_name, wins, losses, location, coach_1, coach_2) values (9, 'Pittsburgh Pirates', 92, 8, 'Pittsburgh', 'Jemmy Wyllie', 'Adam MacMurray');
insert into Team (team_id, team_name, wins, losses, location, coach_1, coach_2) values (10, 'St. Louis Cardinals', 75, 25, 'St Louis', 'Joshuah Peskin', 'Madelene Overland');
insert into Team (team_id, team_name, wins, losses, location, coach_1, coach_2) values (11, 'Arizona Diamondbacks', 100, 0, 'Arizona', 'Sapphira Perceval', 'Lothaire Ackrill');
insert into Team (team_id, team_name, wins, losses, location, coach_1, coach_2) values (12, 'Colorado Rockies', 40, 60, 'Colorado', 'Stace Ordelt', 'Malynda Eustace');
insert into Team (team_id, team_name, wins, losses, location, coach_1, coach_2) values (13, 'Los Angeles Dodgers', 75, 25, 'Los Angeles', 'Adrianne Tomaszkiewicz', 'Ben Greystoke');
insert into Team (team_id, team_name, wins, losses, location, coach_1, coach_2) values (14, 'San Diego Padres', 74, 26, 'San Diego', 'Bernadina Dupoy', 'Valida Bartolomucci');
insert into Team (team_id, team_name, wins, losses, location, coach_1, coach_2) values (15, 'San Francisco Giants', 63, 37, 'San Francisco', 'Claudine Cone', 'Deedee Beckinsale');
insert into Team (team_id, team_name, wins, losses, location, coach_1, coach_2) values (16, 'Baltimore Orioles', 11, 89, 'Baltimore', 'Leroy Rubinchik', 'Alberto Dimock');
insert into Team (team_id, team_name, wins, losses, location, coach_1, coach_2) values (17, 'Boston Red Sox', 54, 46, 'Boston', 'Filmer Duell', 'Lanni Wastling');
insert into Team (team_id, team_name, wins, losses, location, coach_1, coach_2) values (18, 'New York Yankees', 62, 38, 'New York', 'Jessa Baldocci', 'Kelila Gorgen');
insert into Team (team_id, team_name, wins, losses, location, coach_1, coach_2) values (19, 'Tampa Bay Rays', 27, 73, 'Tampa Bay', 'Nico Larderot', 'Scot Menzies');
insert into Team (team_id, team_name, wins, losses, location, coach_1, coach_2) values (20, 'Toronto Blue Jays', 45, 55, 'Toronto', 'Leese Meechan', 'Jerrilee Andriveau');
insert into Team (team_id, team_name, wins, losses, location, coach_1, coach_2) values (21, 'Chicago White Sox', 16, 84, 'Chicago', 'Dollie Drew', 'Grady Fullun');
insert into Team (team_id, team_name, wins, losses, location, coach_1, coach_2) values (22, 'Cleveland Guardians', 59, 41, 'Cleveland', 'Zenia Bosche', 'Irma Androletti');
insert into Team (team_id, team_name, wins, losses, location, coach_1, coach_2) values (23, 'Detroit Tigers', 89, 11, 'Detroit', 'Donna Flott', 'Irena Bosse');
insert into Team (team_id, team_name, wins, losses, location, coach_1, coach_2) values (24, 'Kansas City Royals', 75, 25, 'Kansas City', 'Kaylil Snazle', 'Adelind Mulholland');
insert into Team (team_id, team_name, wins, losses, location, coach_1, coach_2) values (25, 'Minnesota Twins', 62, 38, 'Minnesota', 'Will Sambidge', 'Marsh Gittus');
insert into Team (team_id, team_name, wins, losses, location, coach_1, coach_2) values (26, 'Houston Astros', 30, 70, 'Houston', 'Broddie Swepson', 'Eldridge Reggiani');
insert into Team (team_id, team_name, wins, losses, location, coach_1, coach_2) values (27, 'Los Angeles Angels', 28, 72, 'Los Angeles', 'Camille Sygroves', 'Fionna Lukes');
insert into Team (team_id, team_name, wins, losses, location, coach_1, coach_2) values (28, 'Oakland Athletics', 5, 95, 'Oakland', 'Karyn Scothorn', 'Neda Elles');
insert into Team (team_id, team_name, wins, losses, location, coach_1, coach_2) values (29, 'Seattle Mariners', 28, 72, 'Seattle', 'Belita Kopfer', 'Brigit Ferreira');
insert into Team (team_id, team_name, wins, losses, location, coach_1, coach_2) values (30, 'Texas Rangers', 53, 47, 'Texas', 'Marylin Growy', 'Jabez Balogh');

-- Team Stats

insert into Team_Stats (team_id, team_stat_id, avg_on_base, avg_era, total_hits, total_rbi, total_ks, team_bat_avg) values ('1', 1, 0.123, 7.47, 19, 35, 28, 0.671);
insert into Team_Stats (team_id, team_stat_id, avg_on_base, avg_era, total_hits, total_rbi, total_ks, team_bat_avg) values ('2', 2, 0.222, 1.49, 48, 64, 48, 0.421);
insert into Team_Stats (team_id, team_stat_id, avg_on_base, avg_era, total_hits, total_rbi, total_ks, team_bat_avg) values ('3', 3, 0.552, 1.02, 84, 97, 5, 0.771);
insert into Team_Stats (team_id, team_stat_id, avg_on_base, avg_era, total_hits, total_rbi, total_ks, team_bat_avg) values ('4', 4, 0.089, 3.21, 27, 51, 68, 0.556);
insert into Team_Stats (team_id, team_stat_id, avg_on_base, avg_era, total_hits, total_rbi, total_ks, team_bat_avg) values ('5', 5, 0.424, 1.62, 82, 83, 86, 0.196);
insert into Team_Stats (team_id, team_stat_id, avg_on_base, avg_era, total_hits, total_rbi, total_ks, team_bat_avg) values ('6', 6, 0.737, 4.29, 22, 54, 19, 0.894);
insert into Team_Stats (team_id, team_stat_id, avg_on_base, avg_era, total_hits, total_rbi, total_ks, team_bat_avg) values ('7', 7, 0.931, 6.51, 23, 57, 9, 0.301);
insert into Team_Stats (team_id, team_stat_id, avg_on_base, avg_era, total_hits, total_rbi, total_ks, team_bat_avg) values ('8', 8, 0.347, 6.11, 44, 73, 38, 0.201);
insert into Team_Stats (team_id, team_stat_id, avg_on_base, avg_era, total_hits, total_rbi, total_ks, team_bat_avg) values ('9', 9, 0.804, 7.09, 19, 2, 23, 0.194);
insert into Team_Stats (team_id, team_stat_id, avg_on_base, avg_era, total_hits, total_rbi, total_ks, team_bat_avg) values ('10', 10, 0.977, 4.83, 23, 16, 84, 0.612);
insert into Team_Stats (team_id, team_stat_id, avg_on_base, avg_era, total_hits, total_rbi, total_ks, team_bat_avg) values ('11', 11, 0.833, 5.01, 65, 75, 61, 0.126);
insert into Team_Stats (team_id, team_stat_id, avg_on_base, avg_era, total_hits, total_rbi, total_ks, team_bat_avg) values ('12', 12, 0.887, 4.55, 47, 33, 66, 0.312);
insert into Team_Stats (team_id, team_stat_id, avg_on_base, avg_era, total_hits, total_rbi, total_ks, team_bat_avg) values ('13', 13, 0.096, 1.16, 11, 3, 6, 0.734);
insert into Team_Stats (team_id, team_stat_id, avg_on_base, avg_era, total_hits, total_rbi, total_ks, team_bat_avg) values ('14', 14, 0.084, 5.05, 79, 60, 82, 0.551);
insert into Team_Stats (team_id, team_stat_id, avg_on_base, avg_era, total_hits, total_rbi, total_ks, team_bat_avg) values ('15', 15, 0.466, 5.11, 55, 50, 8, 0.685);
insert into Team_Stats (team_id, team_stat_id, avg_on_base, avg_era, total_hits, total_rbi, total_ks, team_bat_avg) values ('16', 16, 0.805, 7.64, 74, 72, 14, 0.221);
insert into Team_Stats (team_id, team_stat_id, avg_on_base, avg_era, total_hits, total_rbi, total_ks, team_bat_avg) values ('17', 17, 0.435, 6.17, 3, 21, 3, 0.347);
insert into Team_Stats (team_id, team_stat_id, avg_on_base, avg_era, total_hits, total_rbi, total_ks, team_bat_avg) values ('18', 18, 0.233, 6.76, 5, 59, 81, 0.134);
insert into Team_Stats (team_id, team_stat_id, avg_on_base, avg_era, total_hits, total_rbi, total_ks, team_bat_avg) values ('19', 19, 0.922, 7.93, 27, 40, 1, 0.683);
insert into Team_Stats (team_id, team_stat_id, avg_on_base, avg_era, total_hits, total_rbi, total_ks, team_bat_avg) values ('20', 20, 0.773, 7.16, 61, 35, 68, 0.374);
insert into Team_Stats (team_id, team_stat_id, avg_on_base, avg_era, total_hits, total_rbi, total_ks, team_bat_avg) values ('21', 21, 0.208, 5.16, 15, 68, 53, 0.037);
insert into Team_Stats (team_id, team_stat_id, avg_on_base, avg_era, total_hits, total_rbi, total_ks, team_bat_avg) values ('22', 22, 0.253, 6.18, 2, 92, 31, 0.794);
insert into Team_Stats (team_id, team_stat_id, avg_on_base, avg_era, total_hits, total_rbi, total_ks, team_bat_avg) values ('23', 23, 0.491, 1.74, 64, 99, 40, 0.155);
insert into Team_Stats (team_id, team_stat_id, avg_on_base, avg_era, total_hits, total_rbi, total_ks, team_bat_avg) values ('24', 24, 0.751, 3.81, 2, 36, 89, 0.421);
insert into Team_Stats (team_id, team_stat_id, avg_on_base, avg_era, total_hits, total_rbi, total_ks, team_bat_avg) values ('25', 25, 0.671, 2.47, 16, 58, 76, 0.053);
insert into Team_Stats (team_id, team_stat_id, avg_on_base, avg_era, total_hits, total_rbi, total_ks, team_bat_avg) values ('26', 26, 0.219, 1.71, 61, 56, 94, 0.941);
insert into Team_Stats (team_id, team_stat_id, avg_on_base, avg_era, total_hits, total_rbi, total_ks, team_bat_avg) values ('27', 27, 0.255, 7.44, 79, 91, 6, 0.524);
insert into Team_Stats (team_id, team_stat_id, avg_on_base, avg_era, total_hits, total_rbi, total_ks, team_bat_avg) values ('28', 28, 0.914, 7.26, 32, 99, 5, 0.313);
insert into Team_Stats (team_id, team_stat_id, avg_on_base, avg_era, total_hits, total_rbi, total_ks, team_bat_avg) values ('29', 29, 0.359, 7.12, 21, 75, 69, 0.261);
insert into Team_Stats (team_id, team_stat_id, avg_on_base, avg_era, total_hits, total_rbi, total_ks, team_bat_avg) values ('30', 30, 0.857, 4.54, 63, 44, 26, 0.035);

-- Advanced Stats

insert into Advanced_Stats (team_id, adv_stat_id, wgdp, spd, iso, bb_percent, k_percent, slugg_percent, run_diff) values ('1', 1, 4.4, 3, 0.41, 0.176, 0.168, 0.608, 1.1);
insert into Advanced_Stats (team_id, adv_stat_id, wgdp, spd, iso, bb_percent, k_percent, slugg_percent, run_diff) values ('2', 2, 4.7, 2, 0.25, 0.455, 0.223, 0.893, 1.6);
insert into Advanced_Stats (team_id, adv_stat_id, wgdp, spd, iso, bb_percent, k_percent, slugg_percent, run_diff) values ('3', 3, 3.3, 8, 0.97, 0.185, 0.425, 0.602, 6.4);
insert into Advanced_Stats (team_id, adv_stat_id, wgdp, spd, iso, bb_percent, k_percent, slugg_percent, run_diff) values ('4', 4, 4.1, 4, 0.92, 0.611, 0.169, 0.121, 6.7);
insert into Advanced_Stats (team_id, adv_stat_id, wgdp, spd, iso, bb_percent, k_percent, slugg_percent, run_diff) values ('5', 5, 0.7, 3, 0.51, 0.281, 0.111, 0.714, 4.8);
insert into Advanced_Stats (team_id, adv_stat_id, wgdp, spd, iso, bb_percent, k_percent, slugg_percent, run_diff) values ('6', 6, 1.1, 9, 0.52, 0.918, 0.644, 0.724, 5.1);
insert into Advanced_Stats (team_id, adv_stat_id, wgdp, spd, iso, bb_percent, k_percent, slugg_percent, run_diff) values ('7', 7, 2.7, 1, 0.82, 0.692, 0.181, 0.583, 2.8);
insert into Advanced_Stats (team_id, adv_stat_id, wgdp, spd, iso, bb_percent, k_percent, slugg_percent, run_diff) values ('8', 8, 4.6, 3, 0.77, 0.802, 0.853, 0.331, 0.3);
insert into Advanced_Stats (team_id, adv_stat_id, wgdp, spd, iso, bb_percent, k_percent, slugg_percent, run_diff) values ('9', 9, 1.3, 9, 0.61, 0.834, 0.925, 0.809, 5.0);
insert into Advanced_Stats (team_id, adv_stat_id, wgdp, spd, iso, bb_percent, k_percent, slugg_percent, run_diff) values ('10', 10, 1.0, 10, 0.79, 0.124, 0.055, 0.057, 6.8);
insert into Advanced_Stats (team_id, adv_stat_id, wgdp, spd, iso, bb_percent, k_percent, slugg_percent, run_diff) values ('11', 11, 4.5, 6, 0.04, 0.181, 0.929, 0.484, 8.2);
insert into Advanced_Stats (team_id, adv_stat_id, wgdp, spd, iso, bb_percent, k_percent, slugg_percent, run_diff) values ('12', 12, 2.7, 8, 0.39, 0.097, 0.761, 0.451, 3.5);
insert into Advanced_Stats (team_id, adv_stat_id, wgdp, spd, iso, bb_percent, k_percent, slugg_percent, run_diff) values ('13', 13, 0.6, 5, 0.55, 0.201, 0.287, 0.843, 4.2);
insert into Advanced_Stats (team_id, adv_stat_id, wgdp, spd, iso, bb_percent, k_percent, slugg_percent, run_diff) values ('14', 14, 2.2, 9, 0.96, 0.516, 0.724, 0.724, 3.1);
insert into Advanced_Stats (team_id, adv_stat_id, wgdp, spd, iso, bb_percent, k_percent, slugg_percent, run_diff) values ('15', 15, 1.3, 4, 0.74, 0.438, 0.469, 0.324, 2.9);
insert into Advanced_Stats (team_id, adv_stat_id, wgdp, spd, iso, bb_percent, k_percent, slugg_percent, run_diff) values ('16', 16, 2.9, 7, 0.11, 0.306, 0.341, 0.147, 2.0);
insert into Advanced_Stats (team_id, adv_stat_id, wgdp, spd, iso, bb_percent, k_percent, slugg_percent, run_diff) values ('17', 17, 1.3, 3, 0.19, 0.691, 0.622, 0.932, 3.6);
insert into Advanced_Stats (team_id, adv_stat_id, wgdp, spd, iso, bb_percent, k_percent, slugg_percent, run_diff) values ('18', 18, 0.4, 9, 0.79, 0.972, 0.611, 0.051, 4.9);
insert into Advanced_Stats (team_id, adv_stat_id, wgdp, spd, iso, bb_percent, k_percent, slugg_percent, run_diff) values ('19', 19, 4.9, 2, 0.64, 0.406, 0.539, 0.295, 7.0);
insert into Advanced_Stats (team_id, adv_stat_id, wgdp, spd, iso, bb_percent, k_percent, slugg_percent, run_diff) values ('20', 20, 3.7, 4, 0.15, 0.217, 0.113, 0.786, 2.8);
insert into Advanced_Stats (team_id, adv_stat_id, wgdp, spd, iso, bb_percent, k_percent, slugg_percent, run_diff) values ('21', 21, 3.4, 6, 0.43, 0.422, 0.696, 0.649, 0.1);
insert into Advanced_Stats (team_id, adv_stat_id, wgdp, spd, iso, bb_percent, k_percent, slugg_percent, run_diff) values ('22', 22, 4.4, 2, 0.05, 0.769, 0.097, 0.042, 1.7);
insert into Advanced_Stats (team_id, adv_stat_id, wgdp, spd, iso, bb_percent, k_percent, slugg_percent, run_diff) values ('23', 23, 0.7, 8, 0.31, 0.131, 0.019, 0.291, 6.0);
insert into Advanced_Stats (team_id, adv_stat_id, wgdp, spd, iso, bb_percent, k_percent, slugg_percent, run_diff) values ('24', 24, 4.6, 6, 0.73, 0.774, 0.128, 0.918, 4.9);
insert into Advanced_Stats (team_id, adv_stat_id, wgdp, spd, iso, bb_percent, k_percent, slugg_percent, run_diff) values ('25', 25, 0.8, 7, 0.18, 0.827, 0.321, 0.815, 2.7);
insert into Advanced_Stats (team_id, adv_stat_id, wgdp, spd, iso, bb_percent, k_percent, slugg_percent, run_diff) values ('26', 26, 0.2, 10, 0.89, 0.074, 0.006, 0.492, 3.9);
insert into Advanced_Stats (team_id, adv_stat_id, wgdp, spd, iso, bb_percent, k_percent, slugg_percent, run_diff) values ('27', 27, 3.1, 9, 0.04, 0.249, 0.106, 0.317, 8.4);
insert into Advanced_Stats (team_id, adv_stat_id, wgdp, spd, iso, bb_percent, k_percent, slugg_percent, run_diff) values ('28', 28, 2.6, 10, 0.13, 0.387, 0.781, 0.417, 4.8);
insert into Advanced_Stats (team_id, adv_stat_id, wgdp, spd, iso, bb_percent, k_percent, slugg_percent, run_diff) values ('29', 29, 4.2, 5, 0.94, 0.501, 0.449, 0.058, 8.2);
insert into Advanced_Stats (team_id, adv_stat_id, wgdp, spd, iso, bb_percent, k_percent, slugg_percent, run_diff) values ('30', 30, 2.5, 4, 0.59, 0.452, 0.381, 0.655, 0.5);

-- Bet Stats

insert into Bet_Stats (team_id, bet_stat_id, home_money, ats, mov, cover_percent) values ('1', 1, 366, 8.41, 6.38, 0.433);
insert into Bet_Stats (team_id, bet_stat_id, home_money, ats, mov, cover_percent) values ('2', 2, 483, 3.81, 6.46, 0.284);
insert into Bet_Stats (team_id, bet_stat_id, home_money, ats, mov, cover_percent) values ('3', 3, 399, 5.61, 7.56, 0.268);
insert into Bet_Stats (team_id, bet_stat_id, home_money, ats, mov, cover_percent) values ('4', 4, 496, 2.11, 3.22, 0.221);
insert into Bet_Stats (team_id, bet_stat_id, home_money, ats, mov, cover_percent) values ('5', 5, 725, 2.71, 1.71, 0.049);
insert into Bet_Stats (team_id, bet_stat_id, home_money, ats, mov, cover_percent) values ('6', 6, 813, 1.21, 5.53, 0.601);
insert into Bet_Stats (team_id, bet_stat_id, home_money, ats, mov, cover_percent) values ('7', 7, 179, 5.91, 1.54, 0.851);
insert into Bet_Stats (team_id, bet_stat_id, home_money, ats, mov, cover_percent) values ('8', 8, 257, 4.41, 4.11, 0.581);
insert into Bet_Stats (team_id, bet_stat_id, home_money, ats, mov, cover_percent) values ('9', 9, 556, 7.91, 6.64, 0.721);
insert into Bet_Stats (team_id, bet_stat_id, home_money, ats, mov, cover_percent) values ('10', 10, 537, 8.21, 1.24, 0.336);
insert into Bet_Stats (team_id, bet_stat_id, home_money, ats, mov, cover_percent) values ('11', 11, 286, 7.61, 4.92, 0.824);
insert into Bet_Stats (team_id, bet_stat_id, home_money, ats, mov, cover_percent) values ('12', 12, 407, 7.21, 2.45, 0.793);
insert into Bet_Stats (team_id, bet_stat_id, home_money, ats, mov, cover_percent) values ('13', 13, 329, 5.51, 2.61, 0.476);
insert into Bet_Stats (team_id, bet_stat_id, home_money, ats, mov, cover_percent) values ('14', 14, 827, 5.11, 1.12, 0.431);
insert into Bet_Stats (team_id, bet_stat_id, home_money, ats, mov, cover_percent) values ('15', 15, 12, 9.01, 3.96, 0.068);
insert into Bet_Stats (team_id, bet_stat_id, home_money, ats, mov, cover_percent) values ('16', 16, 182, 3.51, 1.46, 0.241);
insert into Bet_Stats (team_id, bet_stat_id, home_money, ats, mov, cover_percent) values ('17', 17, 375, 7.61, 1.14, 0.305);
insert into Bet_Stats (team_id, bet_stat_id, home_money, ats, mov, cover_percent) values ('18', 18, 47, 7.51, 4.45, 0.572);
insert into Bet_Stats (team_id, bet_stat_id, home_money, ats, mov, cover_percent) values ('19', 19, 113, 6.81, 6.53, 0.592);
insert into Bet_Stats (team_id, bet_stat_id, home_money, ats, mov, cover_percent) values ('20', 20, 312, 3.31, 6.31, 0.673);
insert into Bet_Stats (team_id, bet_stat_id, home_money, ats, mov, cover_percent) values ('21', 21, 485, 4.91, 1.06, 0.121);
insert into Bet_Stats (team_id, bet_stat_id, home_money, ats, mov, cover_percent) values ('22', 22, 238, 3.01, 7.52, 0.055);
insert into Bet_Stats (team_id, bet_stat_id, home_money, ats, mov, cover_percent) values ('23', 23, 759, 4.21, 3.93, 0.487);
insert into Bet_Stats (team_id, bet_stat_id, home_money, ats, mov, cover_percent) values ('24', 24, 648, 2.11, 6.65, 0.356);
insert into Bet_Stats (team_id, bet_stat_id, home_money, ats, mov, cover_percent) values ('25', 25, 446, 6.91, 6.43, 0.891);
insert into Bet_Stats (team_id, bet_stat_id, home_money, ats, mov, cover_percent) values ('26', 26, 717, 7.51, 7.95, 0.954);
insert into Bet_Stats (team_id, bet_stat_id, home_money, ats, mov, cover_percent) values ('27', 27, 718, 4.21, 4.42, 0.415);
insert into Bet_Stats (team_id, bet_stat_id, home_money, ats, mov, cover_percent) values ('28', 28, 594, 1.51, 3.47, 0.504);
insert into Bet_Stats (team_id, bet_stat_id, home_money, ats, mov, cover_percent) values ('29', 29, 831, 1.41, 5.23, 0.717);
insert into Bet_Stats (team_id, bet_stat_id, home_money, ats, mov, cover_percent) values ('30', 30, 483, 4.21, 1.76, 0.435);

-- Game

insert into Game (game_id, result, game_venue, game_date, game_time, home_team, away_team, team_id) values (1, 'W', 'Citi Field', '2022-12-29 15:56:18', '19:23', 'Atlanta Braves', 'New York Yankees', '1');
insert into Game (game_id, result, game_venue, game_date, game_time, home_team, away_team, team_id) values (2, 'L', 'LoanDepot Park', '2023-05-05 09:03:50', '15:30', 'Miami Marlins', 'Atlanta Braves', '2');
insert into Game (game_id, result, game_venue, game_date, game_time, home_team, away_team, team_id) values (3, 'W', 'Chase Field', '2022-08-23 13:27:51', '17:00', 'New York Mets', 'Colorado Rockies', '3');
insert into Game (game_id, result, game_venue, game_date, game_time, home_team, away_team, team_id) values (4, 'L', 'Great American Ball Park', '2023-06-13 00:51:48', '15:16', 'Philadelphia Phillies', 'Milwaukee Brewers', '4');
insert into Game (game_id, result, game_venue, game_date, game_time, home_team, away_team, team_id) values (5, 'L', 'Nationals Park', '2022-10-08 03:59:26', '19:21', 'Washington Nationals', 'Pittsburgh Pirates', '5');
insert into Game (game_id, result, game_venue, game_date, game_time, home_team, away_team, team_id) values (6, 'L', 'Comerica Park', '2023-02-10 13:06:57', '15:02', 'Chicago Cubs', 'New York Mets', '6');
insert into Game (game_id, result, game_venue, game_date, game_time, home_team, away_team, team_id) values (7, 'W', 'RingCentral Coliseum', '2022-09-07 23:18:54', '14:49', 'Cincinnati Reds', 'Boston Red Sox', '7');
insert into Game (game_id, result, game_venue, game_date, game_time, home_team, away_team, team_id) values (8, 'W', 'Progressive Field', '2022-05-11 11:47:11', '19:31', 'Milwaukee Brewers', 'Arizona Diamondbacks', '8');
insert into Game (game_id, result, game_venue, game_date, game_time, home_team, away_team, team_id) values (9, 'W', 'Busch Stadium', '2023-01-15 06:54:57', '14:24', 'Pittsburgh Pirates', 'Washington Nationals', '9');
insert into Game (game_id, result, game_venue, game_date, game_time, home_team, away_team, team_id) values (10, 'L', 'Progressive Field', '2022-10-07 23:45:59', '17:39', 'St. Louis Cardinals', 'San Francisco Giants', '10');
insert into Game (game_id, result, game_venue, game_date, game_time, home_team, away_team, team_id) values (11, 'W', 'Tropicana Field', '2023-06-19 23:37:49', '17:47', 'Arizona Diamondbacks', 'Seattle Mariners', '11');
insert into Game (game_id, result, game_venue, game_date, game_time, home_team, away_team, team_id) values (12, 'L', 'Great American Ball Park', '2022-09-10 09:17:27', '16:38', 'Colorado Rockies', 'Baltimore Orioles', '12');
insert into Game (game_id, result, game_venue, game_date, game_time, home_team, away_team, team_id) values (13, 'L', 'Citi Field', '2022-03-11 22:55:56', '17:47', 'Los Angeles Dodgers', 'Cincinnati Reds', '13');
insert into Game (game_id, result, game_venue, game_date, game_time, home_team, away_team, team_id) values (14, 'L', 'Guaranteed Rate Field', '2023-08-15 04:46:15', '12:47', 'San Diego Padres', 'Philadelphia Phillies', '14');
insert into Game (game_id, result, game_venue, game_date, game_time, home_team, away_team, team_id) values (15, 'L', 'T-Mobile Park', '2022-05-06 07:28:10', '18:59', 'San Francisco Giants', 'San Diego Padres', '15');
insert into Game (game_id, result, game_venue, game_date, game_time, home_team, away_team, team_id) values (16, 'W', 'Truist Park', '2022-12-09 02:20:34', '14:01', 'Baltimore Orioles', 'Los Angeles Angels', '16');
insert into Game (game_id, result, game_venue, game_date, game_time, home_team, away_team, team_id) values (17, 'W', 'Globe Life Field', '2023-04-22 17:30:01', '16:32', 'Boston Red Sox', 'Kansas City Royals', '17');
insert into Game (game_id, result, game_venue, game_date, game_time, home_team, away_team, team_id) values (18, 'W', 'Citi Field', '2022-04-24 08:40:59', '14:28', 'New York Yankees', 'Minnesota Twins', '18');
insert into Game (game_id, result, game_venue, game_date, game_time, home_team, away_team, team_id) values (19, 'L', 'Guaranteed Rate Field', '2023-09-21 14:49:28', '15:59', 'Tampa Bay Rays', 'Miami Marlins', '19');
insert into Game (game_id, result, game_venue, game_date, game_time, home_team, away_team, team_id) values (20, 'W', 'PNC Park', '2023-04-17 18:18:51', '16:55', 'Toronto Blue Jays', 'Cleveland Guardians', '20');
insert into Game (game_id, result, game_venue, game_date, game_time, home_team, away_team, team_id) values (21, 'W', 'Comerica Park', '2023-07-01 06:59:24', '16:54', 'Chicago White Sox', 'Detroit Tigers', '21');
insert into Game (game_id, result, game_venue, game_date, game_time, home_team, away_team, team_id) values (22, 'W', 'Globe Life Field', '2023-06-20 19:16:56', '16:14', 'Cleveland Guardians', 'Toronto Blue Jays', '22');
insert into Game (game_id, result, game_venue, game_date, game_time, home_team, away_team, team_id) values (23, 'W', 'T-Mobile Park', '2022-05-22 06:52:15', '17:04', 'Detroit Tigers', 'Oakland Athletics', '23');
insert into Game (game_id, result, game_venue, game_date, game_time, home_team, away_team, team_id) values (24, 'L', 'Truist Park', '2023-09-12 05:48:31', '13:55', 'Kansas City Royals', 'Texas Rangers', '24');
insert into Game (game_id, result, game_venue, game_date, game_time, home_team, away_team, team_id) values (25, 'L', 'Coors Field', '2022-11-10 00:17:52', '13:13', 'Minnesota Twins', 'Chicago Cubs', '25');
insert into Game (game_id, result, game_venue, game_date, game_time, home_team, away_team, team_id) values (26, 'W', 'Citizens Bank Park', '2023-09-07 23:32:10', '17:22', 'Houston Astros', 'Texas Rangers', '26');
insert into Game (game_id, result, game_venue, game_date, game_time, home_team, away_team, team_id) values (27, 'L', 'Citi Field', '2023-08-02 21:25:55', '16:05', 'Los Angeles Angels', 'St. Louis Cardinals', '27');
insert into Game (game_id, result, game_venue, game_date, game_time, home_team, away_team, team_id) values (28, 'L', 'Globe Life Field', '2022-09-27 09:19:00', '14:17', 'Oakland Athletics', 'Chicago White Sox', '28');
insert into Game (game_id, result, game_venue, game_date, game_time, home_team, away_team, team_id) values (29, 'L', 'Truist Park', '2023-09-07 19:47:47', '16:47', 'Seattle Mariners', 'Los Angeles Dodgers', '29');
insert into Game (game_id, result, game_venue, game_date, game_time, home_team, away_team, team_id) values (30, 'L', 'Tropicana Field', '2023-01-17 15:48:15', '12:04', 'Texas Rangers', 'Tampa Bay Rays', '30');
insert into Game (game_id, result, game_venue, game_date, game_time, home_team, away_team, team_id) values (31, 'W', 'Truist Park', '2023-04-23 15:06:12', '15:58', 'Atlanta Braves', 'Houston Astros', '1');
insert into Game (game_id, result, game_venue, game_date, game_time, home_team, away_team, team_id) values (32, 'W', 'Comerica Park', '2022-07-08 08:50:57', '18:07', 'Miami Marlins', 'Texas Rangers', '2');
insert into Game (game_id, result, game_venue, game_date, game_time, home_team, away_team, team_id) values (33, 'L', 'Great American Ball Park', '2022-08-24 13:35:46', '15:04', 'New York Mets', 'San Diego Padres', '3');
insert into Game (game_id, result, game_venue, game_date, game_time, home_team, away_team, team_id) values (34, 'L', 'LoanDepot Park', '2022-04-10 18:18:16', '19:43', 'Philadelphia Phillies', 'Washington Nationals', '4');
insert into Game (game_id, result, game_venue, game_date, game_time, home_team, away_team, team_id) values (35, 'W', 'American Family Field', '2022-10-03 04:21:50', '17:07', 'Washington Nationals', 'New York Mets', '5');
insert into Game (game_id, result, game_venue, game_date, game_time, home_team, away_team, team_id) values (36, 'W', 'American Family Field', '2022-05-16 22:25:28', '13:27', 'Chicago Cubs', 'Tampa Bay Rays', '6');
insert into Game (game_id, result, game_venue, game_date, game_time, home_team, away_team, team_id) values (37, 'L', 'Citi Field', '2023-06-22 13:39:58', '15:50', 'Cincinnati Reds', 'Los Angeles Dodgers', '7');
insert into Game (game_id, result, game_venue, game_date, game_time, home_team, away_team, team_id) values (38, 'L', 'Globe Life Field', '2022-05-18 22:47:24', '17:01', 'Milwaukee Brewers', 'Baltimore Orioles', '8');
insert into Game (game_id, result, game_venue, game_date, game_time, home_team, away_team, team_id) values (39, 'L', 'Yankee Stadium', '2023-07-18 22:03:41', '15:22', 'Pittsburgh Pirates', 'Miami Marlins', '9');
insert into Game (game_id, result, game_venue, game_date, game_time, home_team, away_team, team_id) values (40, 'L', 'Citi Field', '2022-08-19 21:20:10', '15:25', 'St. Louis Cardinals', 'Arizona Diamondbacks', '10');
insert into Game (game_id, result, game_venue, game_date, game_time, home_team, away_team, team_id) values (41, 'L', 'Guaranteed Rate Field', '2022-08-08 11:25:42', '20:30', 'Arizona Diamondbacks', 'Seattle Mariners', '11');
insert into Game (game_id, result, game_venue, game_date, game_time, home_team, away_team, team_id) values (42, 'L', 'Rogers Centre', '2022-06-28 21:05:45', '15:35', 'Colorado Rockies', 'Chicago White Sox', '12');
insert into Game (game_id, result, game_venue, game_date, game_time, home_team, away_team, team_id) values (43, 'L', 'Petco Park', '2022-05-09 14:48:42', '17:30', 'Los Angeles Dodgers', 'Toronto Blue Jays', '13');
insert into Game (game_id, result, game_venue, game_date, game_time, home_team, away_team, team_id) values (44, 'W', 'LoanDepot Park', '2023-05-17 23:36:43', '20:27', 'San Diego Padres', 'Colorado Rockies', '14');
insert into Game (game_id, result, game_venue, game_date, game_time, home_team, away_team, team_id) values (45, 'L', 'Coors Field', '2022-04-02 08:27:08', '18:38', 'San Francisco Giants', 'Atlanta Braves', '15');
insert into Game (game_id, result, game_venue, game_date, game_time, home_team, away_team, team_id) values (46, 'L', 'PNC Park', '2022-08-27 17:39:38', '12:25', 'Baltimore Orioles', 'Detroit Tigers', '16');
insert into Game (game_id, result, game_venue, game_date, game_time, home_team, away_team, team_id) values (47, 'L', 'Citizens Bank Park', '2023-07-21 17:45:44', '12:42', 'Boston Red Sox', 'New York Yankees', '17');
insert into Game (game_id, result, game_venue, game_date, game_time, home_team, away_team, team_id) values (48, 'W', 'Guaranteed Rate Field', '2022-09-24 03:52:12', '16:24', 'New York Yankees', 'Oakland Athletics', '18');
insert into Game (game_id, result, game_venue, game_date, game_time, home_team, away_team, team_id) values (49, 'W', 'Progressive Field', '2023-08-19 11:56:05', '20:11', 'Tampa Bay Rays', 'Cleveland Guardians', '19');
insert into Game (game_id, result, game_venue, game_date, game_time, home_team, away_team, team_id) values (50, 'W', 'RingCentral Coliseum', '2023-01-10 23:41:02', '12:40', 'Toronto Blue Jays', 'Milwaukee Brewers', '20');
insert into Game (game_id, result, game_venue, game_date, game_time, home_team, away_team, team_id) values (51, 'W', 'Busch Stadium', '2023-05-09 03:11:10', '13:45', 'Chicago White Sox', 'St. Louis Cardinals', '21');
insert into Game (game_id, result, game_venue, game_date, game_time, home_team, away_team, team_id) values (52, 'L', 'T-Mobile Park', '2022-05-13 21:33:42', '18:20', 'Cleveland Guardians', 'Chicago Cubs', '22');
insert into Game (game_id, result, game_venue, game_date, game_time, home_team, away_team, team_id) values (53, 'L', 'Target Field', '2022-08-24 12:07:02', '14:37', 'Detroit Tigers', 'Los Angeles Angels', '23');
insert into Game (game_id, result, game_venue, game_date, game_time, home_team, away_team, team_id) values (54, 'W', 'Great American Ball Park', '2022-03-28 02:35:55', '18:15', 'Kansas City Royals', 'Texas Rangers', '24');
insert into Game (game_id, result, game_venue, game_date, game_time, home_team, away_team, team_id) values (55, 'W', 'Rogers Centre', '2023-07-20 09:32:07', '18:16', 'Minnesota Twins', 'Texas Rangers', '25');
insert into Game (game_id, result, game_venue, game_date, game_time, home_team, away_team, team_id) values (56, 'W', 'Dodger Stadium', '2022-05-13 08:33:54', '13:48', 'Houston Astros', 'San Francisco Giants', '26');
insert into Game (game_id, result, game_venue, game_date, game_time, home_team, away_team, team_id) values (57, 'L', 'Oracle Park', '2023-08-10 14:42:31', '13:27', 'Los Angeles Angels', 'Boston Red Sox', '27');
insert into Game (game_id, result, game_venue, game_date, game_time, home_team, away_team, team_id) values (58, 'W', 'Angel Stadium', '2022-03-16 17:59:53', '20:29', 'Oakland Athletics', 'Cincinnati Reds', '28');
insert into Game (game_id, result, game_venue, game_date, game_time, home_team, away_team, team_id) values (59, 'W', 'Guaranteed Rate Field', '2023-05-13 22:11:46', '20:52', 'Seattle Mariners', 'Philadelphia Phillies', '29');
insert into Game (game_id, result, game_venue, game_date, game_time, home_team, away_team, team_id) values (60, 'W', 'Yankee Stadium', '2022-12-07 19:12:50', '14:44', 'Texas Rangers', 'Pittsburgh Pirates', '30');
insert into Game (game_id, result, game_venue, game_date, game_time, home_team, away_team, team_id) values (61, 'L', 'American Family Field', '2022-05-03 05:59:21', '14:52', 'Atlanta Braves', 'Los Angeles Angels', '1');
insert into Game (game_id, result, game_venue, game_date, game_time, home_team, away_team, team_id) values (62, 'W', 'Comerica Park', '2022-08-23 14:30:49', '18:41', 'Miami Marlins', 'Pittsburgh Pirates', '2');
insert into Game (game_id, result, game_venue, game_date, game_time, home_team, away_team, team_id) values (63, 'W', 'Great American Ball Park', '2023-05-08 16:19:22', '14:56', 'New York Mets', 'Philadelphia Phillies', '3');
insert into Game (game_id, result, game_venue, game_date, game_time, home_team, away_team, team_id) values (64, 'L', 'Yankee Stadium', '2022-11-04 10:43:40', '19:56', 'Philadelphia Phillies', 'San Francisco Giants', '4');
insert into Game (game_id, result, game_venue, game_date, game_time, home_team, away_team, team_id) values (65, 'W', 'Tropicana Field', '2023-04-05 01:43:32', '19:44', 'Washington Nationals', 'Toronto Blue Jays', '5');
insert into Game (game_id, result, game_venue, game_date, game_time, home_team, away_team, team_id) values (66, 'W', 'Tropicana Field', '2022-09-25 09:41:13', '13:32', 'Chicago Cubs', 'Detroit Tigers', '6');
insert into Game (game_id, result, game_venue, game_date, game_time, home_team, away_team, team_id) values (67, 'W', 'Angel Stadium', '2022-08-13 03:43:44', '15:27', 'Cincinnati Reds', 'Seattle Mariners', '7');
insert into Game (game_id, result, game_venue, game_date, game_time, home_team, away_team, team_id) values (68, 'W', 'Busch Stadium', '2023-04-01 23:38:46', '15:11', 'Milwaukee Brewers', 'New York Mets', '8');
insert into Game (game_id, result, game_venue, game_date, game_time, home_team, away_team, team_id) values (69, 'W', 'Fenway Park', '2022-10-25 02:01:24', '17:17', 'Pittsburgh Pirates', 'Miami Marlins', '9');
insert into Game (game_id, result, game_venue, game_date, game_time, home_team, away_team, team_id) values (70, 'W', 'Citi Field', '2022-12-15 16:30:51', '15:36', 'St. Louis Cardinals', 'Cleveland Guardians', '10');
insert into Game (game_id, result, game_venue, game_date, game_time, home_team, away_team, team_id) values (71, 'L', 'Target Field', '2022-05-08 20:41:55', '20:35', 'Arizona Diamondbacks', 'Boston Red Sox', '11');
insert into Game (game_id, result, game_venue, game_date, game_time, home_team, away_team, team_id) values (72, 'W', 'Oriole Park at Camden Yards', '2022-03-14 10:06:45', '20:07', 'Colorado Rockies', 'Texas Rangers', '12');
insert into Game (game_id, result, game_venue, game_date, game_time, home_team, away_team, team_id) values (73, 'L', 'Petco Park', '2023-04-22 09:35:20', '13:18', 'Los Angeles Dodgers', 'Tampa Bay Rays', '13');
insert into Game (game_id, result, game_venue, game_date, game_time, home_team, away_team, team_id) values (74, 'L', 'Progressive Field', '2022-10-11 00:49:06', '15:57', 'San Diego Padres', 'Texas Rangers', '14');
insert into Game (game_id, result, game_venue, game_date, game_time, home_team, away_team, team_id) values (75, 'W', 'T-Mobile Park', '2023-01-19 02:22:24', '14:45', 'San Francisco Giants', 'Arizona Diamondbacks', '15');
insert into Game (game_id, result, game_venue, game_date, game_time, home_team, away_team, team_id) values (76, 'L', 'Globe Life Field', '2022-11-18 18:03:53', '18:23', 'Baltimore Orioles', 'San Diego Padres', '16');
insert into Game (game_id, result, game_venue, game_date, game_time, home_team, away_team, team_id) values (77, 'L', 'Oracle Park', '2022-12-06 15:17:37', '13:47', 'Boston Red Sox', 'St. Louis Cardinals', '17');
insert into Game (game_id, result, game_venue, game_date, game_time, home_team, away_team, team_id) values (78, 'L', 'PNC Park', '2022-11-13 12:15:03', '14:24', 'New York Yankees', 'Chicago Cubs', '18');
insert into Game (game_id, result, game_venue, game_date, game_time, home_team, away_team, team_id) values (79, 'L', 'Oriole Park at Camden Yards', '2023-01-10 18:18:29', '16:39', 'Tampa Bay Rays', 'Atlanta Braves', '19');
insert into Game (game_id, result, game_venue, game_date, game_time, home_team, away_team, team_id) values (80, 'W', 'Oriole Park at Camden Yards', '2023-05-09 17:15:05', '17:19', 'Toronto Blue Jays', 'Los Angeles Dodgers', '20');
insert into Game (game_id, result, game_venue, game_date, game_time, home_team, away_team, team_id) values (81, 'L', 'Globe Life Field', '2023-02-18 21:13:37', '16:10', 'Chicago White Sox', 'Washington Nationals', '21');
insert into Game (game_id, result, game_venue, game_date, game_time, home_team, away_team, team_id) values (82, 'L', 'Rogers Centre', '2023-01-20 12:41:32', '19:43', 'Cleveland Guardians', 'Milwaukee Brewers', '22');
insert into Game (game_id, result, game_venue, game_date, game_time, home_team, away_team, team_id) values (83, 'W', 'Nationals Park', '2023-02-26 23:48:16', '20:01', 'Detroit Tigers', 'Kansas City Royals', '23');
insert into Game (game_id, result, game_venue, game_date, game_time, home_team, away_team, team_id) values (84, 'W', 'RingCentral Coliseum', '2023-09-19 15:04:38', '14:51', 'Kansas City Royals', 'Minnesota Twins', '24');
insert into Game (game_id, result, game_venue, game_date, game_time, home_team, away_team, team_id) values (85, 'L', 'Progressive Field', '2023-01-29 18:49:08', '13:11', 'Minnesota Twins', 'New York Yankees', '25');
insert into Game (game_id, result, game_venue, game_date, game_time, home_team, away_team, team_id) values (86, 'W', 'Oracle Park', '2022-06-29 19:23:55', '19:31', 'Houston Astros', 'Oakland Athletics', '26');
insert into Game (game_id, result, game_venue, game_date, game_time, home_team, away_team, team_id) values (87, 'L', 'LoanDepot Park', '2023-01-21 10:33:12', '14:45', 'Los Angeles Angels', 'Cincinnati Reds', '27');
insert into Game (game_id, result, game_venue, game_date, game_time, home_team, away_team, team_id) values (88, 'L', 'Great American Ball Park', '2022-03-07 20:03:55', '18:26', 'Oakland Athletics', 'Chicago White Sox', '28');
insert into Game (game_id, result, game_venue, game_date, game_time, home_team, away_team, team_id) values (89, 'W', 'Tropicana Field', '2022-08-04 00:07:51', '14:31', 'Seattle Mariners', 'Baltimore Orioles', '29');
insert into Game (game_id, result, game_venue, game_date, game_time, home_team, away_team, team_id) values (90, 'L', 'Fenway Park', '2023-01-29 23:10:51', '19:09', 'Texas Rangers', 'Houston Astros', '30');
insert into Game (game_id, result, game_venue, game_date, game_time, home_team, away_team, team_id) values (91, 'W', 'PNC Park', '2023-08-23 14:55:47', '15:09', 'Atlanta Braves', 'Boston Red Sox', '1');
insert into Game (game_id, result, game_venue, game_date, game_time, home_team, away_team, team_id) values (92, 'L', 'Minute Maid Park', '2023-01-25 19:46:49', '16:07', 'Miami Marlins', 'St. Louis Cardinals', '2');
insert into Game (game_id, result, game_venue, game_date, game_time, home_team, away_team, team_id) values (93, 'W', 'Guaranteed Rate Field', '2023-04-24 15:03:53', '19:04', 'New York Mets', 'Colorado Rockies', '3');
insert into Game (game_id, result, game_venue, game_date, game_time, home_team, away_team, team_id) values (94, 'W', 'Petco Park', '2023-01-09 16:48:59', '14:46', 'Philadelphia Phillies', 'Cincinnati Reds', '4');
insert into Game (game_id, result, game_venue, game_date, game_time, home_team, away_team, team_id) values (95, 'W', 'Petco Park', '2023-06-14 19:42:01', '12:42', 'Washington Nationals', 'Milwaukee Brewers', '5');
insert into Game (game_id, result, game_venue, game_date, game_time, home_team, away_team, team_id) values (96, 'L', 'Oracle Park', '2022-04-26 11:06:58', '14:03', 'Chicago Cubs', 'Seattle Mariners', '6');
insert into Game (game_id, result, game_venue, game_date, game_time, home_team, away_team, team_id) values (97, 'W', 'Oriole Park at Camden Yards', '2023-02-14 01:21:09', '15:13', 'Cincinnati Reds', 'New York Yankees', '7');
insert into Game (game_id, result, game_venue, game_date, game_time, home_team, away_team, team_id) values (98, 'L', 'Yankee Stadium', '2022-10-26 06:51:08', '19:42', 'Milwaukee Brewers', 'Los Angeles Angels', '8');
insert into Game (game_id, result, game_venue, game_date, game_time, home_team, away_team, team_id) values (99, 'L', 'Progressive Field', '2022-10-22 11:34:30', '16:29', 'Pittsburgh Pirates', 'Miami Marlins', '9');
insert into Game (game_id, result, game_venue, game_date, game_time, home_team, away_team, team_id) values (100, 'L', 'Comerica Park', '2022-08-11 18:24:48', '14:33', 'St. Louis Cardinals', 'Kansas City Royals', '10');
insert into Game (game_id, result, game_venue, game_date, game_time, home_team, away_team, team_id) values (101, 'L', 'Citizens Bank Park', '2023-06-20 03:21:01', '18:04', 'Arizona Diamondbacks', 'Baltimore Orioles', '11');
insert into Game (game_id, result, game_venue, game_date, game_time, home_team, away_team, team_id) values (102, 'W', 'Oracle Park', '2022-03-21 20:49:39', '19:02', 'Colorado Rockies', 'Washington Nationals', '12');
insert into Game (game_id, result, game_venue, game_date, game_time, home_team, away_team, team_id) values (103, 'L', 'Citizens Bank Park', '2023-07-20 09:28:53', '14:26', 'Los Angeles Dodgers', 'Detroit Tigers', '13');
insert into Game (game_id, result, game_venue, game_date, game_time, home_team, away_team, team_id) values (104, 'L', 'Target Field', '2023-02-26 02:49:48', '17:01', 'San Diego Padres', 'Arizona Diamondbacks', '14');
insert into Game (game_id, result, game_venue, game_date, game_time, home_team, away_team, team_id) values (105, 'L', 'PNC Park', '2023-03-03 02:46:46', '12:20', 'San Francisco Giants', 'Pittsburgh Pirates', '15');
insert into Game (game_id, result, game_venue, game_date, game_time, home_team, away_team, team_id) values (106, 'W', 'Progressive Field', '2022-05-07 08:21:55', '14:47', 'Baltimore Orioles', 'Tampa Bay Rays', '16');
insert into Game (game_id, result, game_venue, game_date, game_time, home_team, away_team, team_id) values (107, 'W', 'Wrigley Field', '2022-04-04 16:43:58', '17:35', 'Boston Red Sox', 'Philadelphia Phillies', '17');
insert into Game (game_id, result, game_venue, game_date, game_time, home_team, away_team, team_id) values (108, 'L', 'Minute Maid Park', '2022-12-26 12:41:15', '20:18', 'New York Yankees', 'San Diego Padres', '18');
insert into Game (game_id, result, game_venue, game_date, game_time, home_team, away_team, team_id) values (109, 'W', 'Comerica Park', '2022-03-04 14:29:48', '16:24', 'Tampa Bay Rays', 'San Francisco Giants', '19');
insert into Game (game_id, result, game_venue, game_date, game_time, home_team, away_team, team_id) values (110, 'L', 'Yankee Stadium', '2023-01-31 01:47:34', '14:53', 'Toronto Blue Jays', 'Texas Rangers', '20');
insert into Game (game_id, result, game_venue, game_date, game_time, home_team, away_team, team_id) values (111, 'L', 'Oracle Park', '2022-03-13 13:06:39', '14:47', 'Chicago White Sox', 'Houston Astros', '21');
insert into Game (game_id, result, game_venue, game_date, game_time, home_team, away_team, team_id) values (112, 'L', 'Coors Field', '2022-11-11 16:28:34', '14:49', 'Cleveland Guardians', 'Toronto Blue Jays', '22');
insert into Game (game_id, result, game_venue, game_date, game_time, home_team, away_team, team_id) values (113, 'W', 'T-Mobile Park', '2023-03-13 02:58:37', '19:39', 'Detroit Tigers', 'New York Mets', '23');
insert into Game (game_id, result, game_venue, game_date, game_time, home_team, away_team, team_id) values (114, 'L', 'T-Mobile Park', '2022-12-02 15:10:38', '12:22', 'Kansas City Royals', 'Cleveland Guardians', '24');
insert into Game (game_id, result, game_venue, game_date, game_time, home_team, away_team, team_id) values (115, 'L', 'PNC Park', '2022-08-15 06:32:33', '13:21', 'Minnesota Twins', 'Oakland Athletics', '25');
insert into Game (game_id, result, game_venue, game_date, game_time, home_team, away_team, team_id) values (116, 'L', 'Truist Park', '2023-07-21 07:46:13', '18:21', 'Houston Astros', 'Atlanta Braves', '26');
insert into Game (game_id, result, game_venue, game_date, game_time, home_team, away_team, team_id) values (117, 'L', 'Busch Stadium', '2022-08-01 19:13:32', '19:54', 'Los Angeles Angels', 'Chicago Cubs', '27');
insert into Game (game_id, result, game_venue, game_date, game_time, home_team, away_team, team_id) values (118, 'W', 'Comerica Park', '2023-03-21 20:48:53', '17:21', 'Oakland Athletics', 'Minnesota Twins', '28');
insert into Game (game_id, result, game_venue, game_date, game_time, home_team, away_team, team_id) values (119, 'L', 'Comerica Park', '2022-06-29 02:56:15', '12:57', 'Seattle Mariners', 'Chicago White Sox', '29');
insert into Game (game_id, result, game_venue, game_date, game_time, home_team, away_team, team_id) values (120, 'W', 'Dodger Stadium', '2023-02-01 05:28:48', '20:13', 'Texas Rangers', 'Los Angeles Dodgers', '30');
insert into Game (game_id, result, game_venue, game_date, game_time, home_team, away_team, team_id) values (121, 'W', 'Great American Ball Park', '2022-11-20 21:02:04', '17:03', 'Atlanta Braves', 'Miami Marlins', '1');
insert into Game (game_id, result, game_venue, game_date, game_time, home_team, away_team, team_id) values (122, 'W', 'Yankee Stadium', '2023-06-27 19:25:45', '13:49', 'Miami Marlins', 'Washington Nationals', '2');
insert into Game (game_id, result, game_venue, game_date, game_time, home_team, away_team, team_id) values (123, 'W', 'Truist Park', '2023-09-08 17:15:54', '18:56', 'New York Mets', 'Texas Rangers', '3');
insert into Game (game_id, result, game_venue, game_date, game_time, home_team, away_team, team_id) values (124, 'L', 'Busch Stadium', '2022-06-09 14:47:17', '15:36', 'Philadelphia Phillies', 'Seattle Mariners', '4');
insert into Game (game_id, result, game_venue, game_date, game_time, home_team, away_team, team_id) values (125, 'L', 'Citizens Bank Park', '2023-02-24 06:18:49', '16:47', 'Washington Nationals', 'Milwaukee Brewers', '5');
insert into Game (game_id, result, game_venue, game_date, game_time, home_team, away_team, team_id) values (126, 'W', 'Citizens Bank Park', '2022-04-01 12:51:12', '16:10', 'Chicago Cubs', 'San Diego Padres', '6');
insert into Game (game_id, result, game_venue, game_date, game_time, home_team, away_team, team_id) values (127, 'L', 'Globe Life Field', '2022-07-11 06:43:25', '17:14', 'Cincinnati Reds', 'Houston Astros', '7');
insert into Game (game_id, result, game_venue, game_date, game_time, home_team, away_team, team_id) values (128, 'L', 'PNC Park', '2023-05-27 00:12:01', '15:09', 'Milwaukee Brewers', 'Arizona Diamondbacks', '8');
insert into Game (game_id, result, game_venue, game_date, game_time, home_team, away_team, team_id) values (129, 'L', 'Minute Maid Park', '2023-08-02 20:18:44', '16:12', 'Pittsburgh Pirates', 'Minnesota Twins', '9');
insert into Game (game_id, result, game_venue, game_date, game_time, home_team, away_team, team_id) values (130, 'L', 'American Family Field', '2022-07-21 06:45:49', '19:24', 'St. Louis Cardinals', 'Detroit Tigers', '10');
insert into Game (game_id, result, game_venue, game_date, game_time, home_team, away_team, team_id) values (131, 'W', 'Truist Park', '2022-07-23 13:40:53', '13:26', 'Arizona Diamondbacks', 'Los Angeles Angels', '11');
insert into Game (game_id, result, game_venue, game_date, game_time, home_team, away_team, team_id) values (132, 'W', 'LoanDepot Park', '2022-10-06 11:29:33', '17:16', 'Colorado Rockies', 'New York Yankees', '12');
insert into Game (game_id, result, game_venue, game_date, game_time, home_team, away_team, team_id) values (133, 'W', 'Wrigley Field', '2022-07-07 08:33:35', '14:17', 'Los Angeles Dodgers', 'Philadelphia Phillies', '13');
insert into Game (game_id, result, game_venue, game_date, game_time, home_team, away_team, team_id) values (134, 'W', 'LoanDepot Park', '2022-07-31 07:34:15', '19:44', 'San Diego Padres', 'Oakland Athletics', '14');
insert into Game (game_id, result, game_venue, game_date, game_time, home_team, away_team, team_id) values (135, 'W', 'Minute Maid Park', '2023-01-01 00:52:19', '13:31', 'San Francisco Giants', 'Pittsburgh Pirates', '15');
insert into Game (game_id, result, game_venue, game_date, game_time, home_team, away_team, team_id) values (136, 'W', 'Nationals Park', '2022-05-27 18:39:07', '20:16', 'Baltimore Orioles', 'Boston Red Sox', '16');
insert into Game (game_id, result, game_venue, game_date, game_time, home_team, away_team, team_id) values (137, 'L', 'Guaranteed Rate Field', '2022-07-12 08:42:26', '17:48', 'Boston Red Sox', 'Cincinnati Reds', '17');
insert into Game (game_id, result, game_venue, game_date, game_time, home_team, away_team, team_id) values (138, 'L', 'Tropicana Field', '2023-06-22 17:43:29', '16:51', 'New York Yankees', 'San Francisco Giants', '18');
insert into Game (game_id, result, game_venue, game_date, game_time, home_team, away_team, team_id) values (139, 'W', 'LoanDepot Park', '2023-07-04 10:09:48', '17:39', 'Tampa Bay Rays', 'Baltimore Orioles', '19');
insert into Game (game_id, result, game_venue, game_date, game_time, home_team, away_team, team_id) values (140, 'W', 'PNC Park', '2022-05-03 10:18:11', '16:50', 'Toronto Blue Jays', 'Chicago Cubs', '20');
insert into Game (game_id, result, game_venue, game_date, game_time, home_team, away_team, team_id) values (141, 'L', 'Globe Life Field', '2022-08-29 12:54:32', '15:51', 'Chicago White Sox', 'Texas Rangers', '21');
insert into Game (game_id, result, game_venue, game_date, game_time, home_team, away_team, team_id) values (142, 'L', 'Citizens Bank Park', '2022-05-09 12:45:22', '16:11', 'Cleveland Guardians', 'Atlanta Braves', '22');
insert into Game (game_id, result, game_venue, game_date, game_time, home_team, away_team, team_id) values (143, 'W', 'Coors Field', '2023-08-11 13:17:43', '19:27', 'Detroit Tigers', 'Kansas City Royals', '23');
insert into Game (game_id, result, game_venue, game_date, game_time, home_team, away_team, team_id) values (144, 'L', 'Yankee Stadium', '2023-07-17 02:15:53', '20:22', 'Kansas City Royals', 'St. Louis Cardinals', '24');
insert into Game (game_id, result, game_venue, game_date, game_time, home_team, away_team, team_id) values (145, 'W', 'Oriole Park at Camden Yards', '2023-01-17 14:31:30', '14:26', 'Minnesota Twins', 'Tampa Bay Rays', '25');
insert into Game (game_id, result, game_venue, game_date, game_time, home_team, away_team, team_id) values (146, 'W', 'RingCentral Coliseum', '2022-07-19 06:56:52', '20:09', 'Houston Astros', 'Texas Rangers', '26');
insert into Game (game_id, result, game_venue, game_date, game_time, home_team, away_team, team_id) values (147, 'L', 'Guaranteed Rate Field', '2023-01-16 14:19:08', '14:52', 'Los Angeles Angels', 'Cleveland Guardians', '27');
insert into Game (game_id, result, game_venue, game_date, game_time, home_team, away_team, team_id) values (148, 'L', 'Yankee Stadium', '2022-05-23 19:49:25', '16:27', 'Oakland Athletics', 'Toronto Blue Jays', '28');
insert into Game (game_id, result, game_venue, game_date, game_time, home_team, away_team, team_id) values (149, 'W', 'Great American Ball Park', '2023-01-16 10:43:54', '15:36', 'Seattle Mariners', 'Los Angeles Dodgers', '29');
insert into Game (game_id, result, game_venue, game_date, game_time, home_team, away_team, team_id) values (150, 'W', 'Chase Field', '2023-01-29 17:12:52', '17:12', 'Texas Rangers', 'Colorado Rockies', '30');
insert into Game (game_id, result, game_venue, game_date, game_time, home_team, away_team, team_id) values (151, 'L', 'Coors Field', '2022-12-18 14:43:36', '17:21', 'Atlanta Braves', 'New York Mets', '1');
insert into Game (game_id, result, game_venue, game_date, game_time, home_team, away_team, team_id) values (152, 'W', 'Coors Field', '2022-07-28 10:14:56', '15:12', 'Miami Marlins', 'Boston Red Sox', '2');
insert into Game (game_id, result, game_venue, game_date, game_time, home_team, away_team, team_id) values (153, 'L', 'Globe Life Field', '2023-08-18 00:35:52', '15:44', 'New York Mets', 'Atlanta Braves', '3');
insert into Game (game_id, result, game_venue, game_date, game_time, home_team, away_team, team_id) values (154, 'L', 'T-Mobile Park', '2022-10-10 15:12:32', '13:00', 'Philadelphia Phillies', 'Seattle Mariners', '4');
insert into Game (game_id, result, game_venue, game_date, game_time, home_team, away_team, team_id) values (155, 'L', 'Great American Ball Park', '2022-10-30 10:26:14', '14:55', 'Washington Nationals', 'Chicago Cubs', '5');
insert into Game (game_id, result, game_venue, game_date, game_time, home_team, away_team, team_id) values (156, 'W', 'Globe Life Field', '2022-04-03 15:49:14', '16:47', 'Chicago Cubs', 'Philadelphia Phillies', '6');
insert into Game (game_id, result, game_venue, game_date, game_time, home_team, away_team, team_id) values (157, 'W', 'Dodger Stadium', '2023-05-02 14:37:31', '15:37', 'Cincinnati Reds', 'Toronto Blue Jays', '7');
insert into Game (game_id, result, game_venue, game_date, game_time, home_team, away_team, team_id) values (158, 'W', 'Citizens Bank Park', '2022-06-03 04:08:58', '12:39', 'Milwaukee Brewers', 'Los Angeles Angels', '8');
insert into Game (game_id, result, game_venue, game_date, game_time, home_team, away_team, team_id) values (159, 'W', 'Busch Stadium', '2022-07-29 09:20:43', '20:37', 'Pittsburgh Pirates', 'Washington Nationals', '9');
insert into Game (game_id, result, game_venue, game_date, game_time, home_team, away_team, team_id) values (160, 'W', 'Kauffman Stadium', '2023-09-07 10:04:45', '18:37', 'St. Louis Cardinals', 'Miami Marlins', '10');
insert into Game (game_id, result, game_venue, game_date, game_time, home_team, away_team, team_id) values (161, 'L', 'Globe Life Field', '2022-05-17 02:11:06', '16:45', 'Arizona Diamondbacks', 'New York Yankees', '11');
insert into Game (game_id, result, game_venue, game_date, game_time, home_team, away_team, team_id) values (162, 'L', 'Tropicana Field', '2022-08-26 05:33:04', '17:44', 'Colorado Rockies', ' Texas Rangers', '12');
insert into Game (game_id, result, game_venue, game_date, game_time, home_team, away_team, team_id) values (163, 'W', 'Wrigley Field', '2022-10-18 23:59:38', '13:00', 'Los Angeles Dodgers', 'Milwaukee Brewers', '13');
insert into Game (game_id, result, game_venue, game_date, game_time, home_team, away_team, team_id) values (164, 'W', 'Truist Park', '2022-05-14 20:46:24', '16:17', 'San Diego Padres', 'Los Angeles Dodgers', '14');
insert into Game (game_id, result, game_venue, game_date, game_time, home_team, away_team, team_id) values (165, 'W', 'Coors Field', '2023-07-11 02:29:30', '12:35', 'San Francisco Giants', 'Detroit Tigers', '15');
insert into Game (game_id, result, game_venue, game_date, game_time, home_team, away_team, team_id) values (166, 'W', 'Petco Park', '2023-06-30 13:26:42', '12:33', 'Baltimore Orioles', 'Houston Astros', '16');
insert into Game (game_id, result, game_venue, game_date, game_time, home_team, away_team, team_id) values (167, 'W', 'Minute Maid Park', '2023-06-29 06:45:13', '20:09', 'Boston Red Sox', 'Cleveland Guardians', '17');
insert into Game (game_id, result, game_venue, game_date, game_time, home_team, away_team, team_id) values (168, 'W', 'Citi Field', '2022-10-03 04:23:54', '12:27', 'New York Yankees', 'San Diego Padres', '18');
insert into Game (game_id, result, game_venue, game_date, game_time, home_team, away_team, team_id) values (169, 'W', 'Guaranteed Rate Field', '2022-07-17 19:17:40', '13:28', 'Tampa Bay Rays', 'Oakland Athletics', '19');
insert into Game (game_id, result, game_venue, game_date, game_time, home_team, away_team, team_id) values (170, 'L', 'Busch Stadium', '2022-08-05 16:23:41', '14:38', 'Toronto Blue Jays', 'Texas Rangers', '20');
insert into Game (game_id, result, game_venue, game_date, game_time, home_team, away_team, team_id) values (171, 'L', 'Minute Maid Park', '2022-11-23 00:11:20', '14:51', 'Chicago White Sox', 'St. Louis Cardinals', '21');
insert into Game (game_id, result, game_venue, game_date, game_time, home_team, away_team, team_id) values (172, 'W', 'Busch Stadium', '2023-07-03 09:53:00', '20:46', 'Cleveland Guardians', 'Tampa Bay Rays', '22');
insert into Game (game_id, result, game_venue, game_date, game_time, home_team, away_team, team_id) values (173, 'W', 'Angel Stadium', '2023-05-18 04:19:36', '16:37', 'Detroit Tigers', 'Chicago White Sox', '23');
insert into Game (game_id, result, game_venue, game_date, game_time, home_team, away_team, team_id) values (174, 'L', 'Minute Maid Park', '2022-10-29 15:04:23', '16:12', 'Kansas City Royals', 'Cincinnati Reds', '24');
insert into Game (game_id, result, game_venue, game_date, game_time, home_team, away_team, team_id) values (175, 'W', 'Tropicana Field', '2023-01-14 08:18:04', '12:38', 'Minnesota Twins', 'Pittsburgh Pirates', '25');
insert into Game (game_id, result, game_venue, game_date, game_time, home_team, away_team, team_id) values (176, 'W', 'Fenway Park', '2023-08-01 05:16:58', '20:11', 'Houston Astros', 'Kansas City Royals', '26');
insert into Game (game_id, result, game_venue, game_date, game_time, home_team, away_team, team_id) values (177, 'W', 'Busch Stadium', '2022-10-13 15:04:52', '14:37', 'Los Angeles Angels', 'San Francisco Giants', '27');
insert into Game (game_id, result, game_venue, game_date, game_time, home_team, away_team, team_id) values (178, 'L', 'Comerica Park', '2023-01-06 04:32:57', '19:50', 'Oakland Athletics', 'Minnesota Twins', '28');
insert into Game (game_id, result, game_venue, game_date, game_time, home_team, away_team, team_id) values (179, 'W', 'Truist Park', '2023-09-13 23:19:27', '20:10', 'Seattle Mariners', 'Arizona Diamondbacks', '29');
insert into Game (game_id, result, game_venue, game_date, game_time, home_team, away_team, team_id) values (180, 'W', 'Tropicana Field', '2023-04-06 09:14:43', '15:26', 'Texas Rangers', 'Baltimore Orioles', '30');
insert into Game (game_id, result, game_venue, game_date, game_time, home_team, away_team, team_id) values (181, 'W', 'Truist Park', '2023-08-08 01:57:48', '17:01', 'Atlanta Braves', 'Arizona Diamondbacks', '1');
insert into Game (game_id, result, game_venue, game_date, game_time, home_team, away_team, team_id) values (182, 'W', 'Minute Maid Park', '2023-04-16 18:48:14', '14:17', 'Miami Marlins', 'Los Angeles Angels', '2');
insert into Game (game_id, result, game_venue, game_date, game_time, home_team, away_team, team_id) values (183, 'W', 'Progressive Field', '2022-07-14 19:38:15', '15:45', 'New York Mets', 'Atlanta Braves', '3');
insert into Game (game_id, result, game_venue, game_date, game_time, home_team, away_team, team_id) values (184, 'L', 'Oriole Park at Camden Yards', '2022-06-25 22:41:12', '15:35', 'Philadelphia Phillies', 'Minnesota Twins', '4');
insert into Game (game_id, result, game_venue, game_date, game_time, home_team, away_team, team_id) values (185, 'W', 'Coors Field', '2022-08-23 16:56:01', '16:53', 'Washington Nationals', 'San Diego Padres', '5');
insert into Game (game_id, result, game_venue, game_date, game_time, home_team, away_team, team_id) values (186, 'W', 'Petco Park', '2023-08-25 08:12:59', '19:40', 'Chicago Cubs', 'Los Angeles Dodgers', '6');
insert into Game (game_id, result, game_venue, game_date, game_time, home_team, away_team, team_id) values (187, 'W', 'Target Field', '2022-12-21 11:38:28', '12:16', 'Cincinnati Reds', 'Pittsburgh Pirates', '7');
insert into Game (game_id, result, game_venue, game_date, game_time, home_team, away_team, team_id) values (188, 'L', 'Progressive Field', '2022-11-21 08:48:16', '17:48', 'Milwaukee Brewers', 'Chicago White Sox', '8');
insert into Game (game_id, result, game_venue, game_date, game_time, home_team, away_team, team_id) values (189, 'W', 'Petco Park', '2022-03-26 00:47:42', '16:45', 'Pittsburgh Pirates', 'Colorado Rockies', '9');
insert into Game (game_id, result, game_venue, game_date, game_time, home_team, away_team, team_id) values (190, 'W', 'Citizens Bank Park', '2022-03-31 23:02:31', '14:36', 'St. Louis Cardinals', 'Cincinnati Reds', '10');
insert into Game (game_id, result, game_venue, game_date, game_time, home_team, away_team, team_id) values (191, 'W', 'Fenway Park', '2022-04-08 20:19:18', '14:52', 'Arizona Diamondbacks', 'St. Louis Cardinals', '11');
insert into Game (game_id, result, game_venue, game_date, game_time, home_team, away_team, team_id) values (192, 'W', 'Great American Ball Park', '2023-03-02 17:52:53', '14:31', 'Colorado Rockies', 'New York Yankees', '12');
insert into Game (game_id, result, game_venue, game_date, game_time, home_team, away_team, team_id) values (193, 'L', 'Kauffman Stadium', '2023-09-14 01:25:15', '16:29', 'Los Angeles Dodgers', 'Oakland Athletics', '13');
insert into Game (game_id, result, game_venue, game_date, game_time, home_team, away_team, team_id) values (194, 'L', 'Oriole Park at Camden Yards', '2022-03-22 15:16:59', '20:36', 'San Diego Padres', 'Miami Marlins', '14');
insert into Game (game_id, result, game_venue, game_date, game_time, home_team, away_team, team_id) values (195, 'L', 'Oriole Park at Camden Yards', '2023-05-25 01:27:48', '17:03', 'San Francisco Giants', 'Washington Nationals', '15');
insert into Game (game_id, result, game_venue, game_date, game_time, home_team, away_team, team_id) values (196, 'W', 'Citizens Bank Park', '2022-11-13 20:33:43', '18:36', 'Baltimore Orioles', 'Toronto Blue Jays', '16');
insert into Game (game_id, result, game_venue, game_date, game_time, home_team, away_team, team_id) values (197, 'L', 'Progressive Field', '2023-03-26 17:29:55', '17:38', 'Boston Red Sox', 'Tampa Bay Rays', '17');
insert into Game (game_id, result, game_venue, game_date, game_time, home_team, away_team, team_id) values (198, 'W', 'Chase Field', '2022-07-08 02:39:46', '12:22', 'New York Yankees', 'Cleveland Guardians', '18');
insert into Game (game_id, result, game_venue, game_date, game_time, home_team, away_team, team_id) values (199, 'W', 'Rogers Centre', '2022-11-09 22:29:24', '14:00', 'Tampa Bay Rays', 'Texas Rangers', '19');
insert into Game (game_id, result, game_venue, game_date, game_time, home_team, away_team, team_id) values (200, 'W', 'Truist Park', '2022-04-04 19:37:53', '20:40', 'Toronto Blue Jays', 'Kansas City Royals', '20');

-- Highlight

insert into Highlight (clip_id, clip_format, clip_length, game_id) values (1, '.mov', '0:06', '188');
insert into Highlight (clip_id, clip_format, clip_length, game_id) values (2, '.mov', '0:05', '145');
insert into Highlight (clip_id, clip_format, clip_length, game_id) values (3, '.mp4', '0:09', '124');
insert into Highlight (clip_id, clip_format, clip_length, game_id) values (4, '.mov', '0:09', '155');
insert into Highlight (clip_id, clip_format, clip_length, game_id) values (5, '.mp4', '0:03', '53');
insert into Highlight (clip_id, clip_format, clip_length, game_id) values (6, '.mov', '0:07', '31');
insert into Highlight (clip_id, clip_format, clip_length, game_id) values (7, '.mov', '0:03', '12');
insert into Highlight (clip_id, clip_format, clip_length, game_id) values (8, '.mp4', '0:05', '19');
insert into Highlight (clip_id, clip_format, clip_length, game_id) values (9, '.mp4', '0:03', '103');
insert into Highlight (clip_id, clip_format, clip_length, game_id) values (10, '.mov', '0:00', '41');
insert into Highlight (clip_id, clip_format, clip_length, game_id) values (11, '.mp4', '0:06', '32');
insert into Highlight (clip_id, clip_format, clip_length, game_id) values (12, '.mov', '0:01', '116');
insert into Highlight (clip_id, clip_format, clip_length, game_id) values (13, '.mp4', '0:02', '113');
insert into Highlight (clip_id, clip_format, clip_length, game_id) values (14, '.mov', '0:07', '138');
insert into Highlight (clip_id, clip_format, clip_length, game_id) values (15, '.mov', '0:00', '50');
insert into Highlight (clip_id, clip_format, clip_length, game_id) values (16, '.mov', '0:04', '114');
insert into Highlight (clip_id, clip_format, clip_length, game_id) values (17, '.mov', '0:05', '64');
insert into Highlight (clip_id, clip_format, clip_length, game_id) values (18, '.mov', '0:01', '91');
insert into Highlight (clip_id, clip_format, clip_length, game_id) values (19, '.mp4', '0:05', '58');
insert into Highlight (clip_id, clip_format, clip_length, game_id) values (20, '.mp4', '0:08', '170');
insert into Highlight (clip_id, clip_format, clip_length, game_id) values (21, '.mov', '0:00', '92');
insert into Highlight (clip_id, clip_format, clip_length, game_id) values (22, '.mov', '0:07', '198');
insert into Highlight (clip_id, clip_format, clip_length, game_id) values (23, '.mp4', '0:09', '77');
insert into Highlight (clip_id, clip_format, clip_length, game_id) values (24, '.mov', '0:05', '2');
insert into Highlight (clip_id, clip_format, clip_length, game_id) values (25, '.mp4', '0:08', '44');
insert into Highlight (clip_id, clip_format, clip_length, game_id) values (26, '.mp4', '0:02', '108');
insert into Highlight (clip_id, clip_format, clip_length, game_id) values (27, '.mp4', '0:09', '117');
insert into Highlight (clip_id, clip_format, clip_length, game_id) values (28, '.mp4', '0:08', '52');
insert into Highlight (clip_id, clip_format, clip_length, game_id) values (29, '.mov', '0:00', '120');
insert into Highlight (clip_id, clip_format, clip_length, game_id) values (30, '.mp4', '0:09', '107');
insert into Highlight (clip_id, clip_format, clip_length, game_id) values (31, '.mov', '0:07', '15');
insert into Highlight (clip_id, clip_format, clip_length, game_id) values (32, '.mp4', '0:00', '28');
insert into Highlight (clip_id, clip_format, clip_length, game_id) values (33, '.mp4', '0:05', '158');
insert into Highlight (clip_id, clip_format, clip_length, game_id) values (34, '.mov', '0:06', '85');
insert into Highlight (clip_id, clip_format, clip_length, game_id) values (35, '.mp4', '0:01', '63');
insert into Highlight (clip_id, clip_format, clip_length, game_id) values (36, '.mov', '0:04', '191');
insert into Highlight (clip_id, clip_format, clip_length, game_id) values (37, '.mov', '0:04', '69');
insert into Highlight (clip_id, clip_format, clip_length, game_id) values (38, '.mov', '0:05', '180');
insert into Highlight (clip_id, clip_format, clip_length, game_id) values (39, '.mov', '0:04', '51');
insert into Highlight (clip_id, clip_format, clip_length, game_id) values (40, '.mp4', '0:01', '84');
insert into Highlight (clip_id, clip_format, clip_length, game_id) values (41, '.mp4', '0:03', '200');
insert into Highlight (clip_id, clip_format, clip_length, game_id) values (42, '.mov', '0:09', '67');
insert into Highlight (clip_id, clip_format, clip_length, game_id) values (43, '.mov', '0:00', '118');
insert into Highlight (clip_id, clip_format, clip_length, game_id) values (44, '.mp4', '0:04', '74');
insert into Highlight (clip_id, clip_format, clip_length, game_id) values (45, '.mp4', '0:03', '70');
insert into Highlight (clip_id, clip_format, clip_length, game_id) values (46, '.mp4', '0:01', '186');
insert into Highlight (clip_id, clip_format, clip_length, game_id) values (47, '.mov', '0:07', '135');
insert into Highlight (clip_id, clip_format, clip_length, game_id) values (48, '.mp4', '0:06', '126');
insert into Highlight (clip_id, clip_format, clip_length, game_id) values (49, '.mov', '0:02', '1');
insert into Highlight (clip_id, clip_format, clip_length, game_id) values (50, '.mov', '0:04', '30');
insert into Highlight (clip_id, clip_format, clip_length, game_id) values (51, '.mov', '0:00', '185');
insert into Highlight (clip_id, clip_format, clip_length, game_id) values (52, '.mov', '0:05', '151');
insert into Highlight (clip_id, clip_format, clip_length, game_id) values (53, '.mov', '0:05', '199');
insert into Highlight (clip_id, clip_format, clip_length, game_id) values (54, '.mp4', '0:02', '8');
insert into Highlight (clip_id, clip_format, clip_length, game_id) values (55, '.mov', '0:07', '148');
insert into Highlight (clip_id, clip_format, clip_length, game_id) values (56, '.mp4', '0:05', '87');
insert into Highlight (clip_id, clip_format, clip_length, game_id) values (57, '.mov', '0:02', '196');
insert into Highlight (clip_id, clip_format, clip_length, game_id) values (58, '.mp4', '0:00', '149');
insert into Highlight (clip_id, clip_format, clip_length, game_id) values (59, '.mp4', '0:05', '20');
insert into Highlight (clip_id, clip_format, clip_length, game_id) values (60, '.mp4', '0:02', '175');
insert into Highlight (clip_id, clip_format, clip_length, game_id) values (61, '.mov', '0:08', '6');
insert into Highlight (clip_id, clip_format, clip_length, game_id) values (62, '.mov', '0:03', '128');
insert into Highlight (clip_id, clip_format, clip_length, game_id) values (63, '.mp4', '0:01', '13');
insert into Highlight (clip_id, clip_format, clip_length, game_id) values (64, '.mov', '0:09', '161');
insert into Highlight (clip_id, clip_format, clip_length, game_id) values (65, '.mov', '0:08', '133');
insert into Highlight (clip_id, clip_format, clip_length, game_id) values (66, '.mov', '0:00', '24');
insert into Highlight (clip_id, clip_format, clip_length, game_id) values (67, '.mp4', '0:09', '43');
insert into Highlight (clip_id, clip_format, clip_length, game_id) values (68, '.mov', '0:09', '105');
insert into Highlight (clip_id, clip_format, clip_length, game_id) values (69, '.mp4', '0:06', '97');
insert into Highlight (clip_id, clip_format, clip_length, game_id) values (70, '.mp4', '0:01', '112');
insert into Highlight (clip_id, clip_format, clip_length, game_id) values (71, '.mov', '0:09', '65');
insert into Highlight (clip_id, clip_format, clip_length, game_id) values (72, '.mov', '0:04', '182');
insert into Highlight (clip_id, clip_format, clip_length, game_id) values (73, '.mov', '0:09', '164');
insert into Highlight (clip_id, clip_format, clip_length, game_id) values (74, '.mov', '0:06', '162');
insert into Highlight (clip_id, clip_format, clip_length, game_id) values (75, '.mov', '0:04', '35');
insert into Highlight (clip_id, clip_format, clip_length, game_id) values (76, '.mov', '0:09', '144');
insert into Highlight (clip_id, clip_format, clip_length, game_id) values (77, '.mp4', '0:05', '33');
insert into Highlight (clip_id, clip_format, clip_length, game_id) values (78, '.mp4', '0:06', '18');
insert into Highlight (clip_id, clip_format, clip_length, game_id) values (79, '.mp4', '0:06', '147');
insert into Highlight (clip_id, clip_format, clip_length, game_id) values (80, '.mov', '0:01', '123');
insert into Highlight (clip_id, clip_format, clip_length, game_id) values (81, '.mov', '0:00', '21');
insert into Highlight (clip_id, clip_format, clip_length, game_id) values (82, '.mov', '0:04', '172');
insert into Highlight (clip_id, clip_format, clip_length, game_id) values (83, '.mov', '0:05', '110');
insert into Highlight (clip_id, clip_format, clip_length, game_id) values (84, '.mp4', '0:05', '183');
insert into Highlight (clip_id, clip_format, clip_length, game_id) values (85, '.mov', '0:04', '153');
insert into Highlight (clip_id, clip_format, clip_length, game_id) values (86, '.mov', '0:09', '11');
insert into Highlight (clip_id, clip_format, clip_length, game_id) values (87, '.mp4', '0:08', '100');
insert into Highlight (clip_id, clip_format, clip_length, game_id) values (88, '.mov', '0:04', '45');
insert into Highlight (clip_id, clip_format, clip_length, game_id) values (89, '.mp4', '0:07', '139');
insert into Highlight (clip_id, clip_format, clip_length, game_id) values (90, '.mov', '0:02', '166');
insert into Highlight (clip_id, clip_format, clip_length, game_id) values (91, '.mp4', '0:02', '79');
insert into Highlight (clip_id, clip_format, clip_length, game_id) values (92, '.mp4', '0:07', '109');
insert into Highlight (clip_id, clip_format, clip_length, game_id) values (93, '.mov', '0:00', '119');
insert into Highlight (clip_id, clip_format, clip_length, game_id) values (94, '.mov', '0:03', '38');
insert into Highlight (clip_id, clip_format, clip_length, game_id) values (95, '.mov', '0:03', '3');
insert into Highlight (clip_id, clip_format, clip_length, game_id) values (96, '.mov', '0:03', '111');
insert into Highlight (clip_id, clip_format, clip_length, game_id) values (97, '.mov', '0:05', '10');
insert into Highlight (clip_id, clip_format, clip_length, game_id) values (98, '.mov', '0:05', '159');
insert into Highlight (clip_id, clip_format, clip_length, game_id) values (99, '.mp4', '0:06', '192');
insert into Highlight (clip_id, clip_format, clip_length, game_id) values (100, '.mp4', '0:06', '68');

-- News Article

insert into News_Article (hyperlink, title, article_body) values ('http://purevolume.com', 'felis eu sapien cursus vestibulum proin eu', 'volutpat quam pede lobortis ligula sit amet eleifend pede libero quis orci nullam molestie nibh in lectus pellentesque at nulla suspendisse potenti cras in purus eu magna vulputate luctus cum sociis');
insert into News_Article (hyperlink, title, article_body) values ('http://go.com', 'morbi ut odio cras mi pede malesuada in imperdiet', 'eros elementum pellentesque quisque porta volutpat erat quisque erat eros viverra eget congue eget semper rutrum nulla nunc purus phasellus in felis donec semper sapien a libero nam dui proin leo odio porttitor id');
insert into News_Article (hyperlink, title, article_body) values ('https://istockphoto.com', 'ac nulla sed vel enim', 'scelerisque mauris sit amet eros suspendisse accumsan tortor quis turpis sed ante vivamus tortor duis mattis egestas metus aenean fermentum donec ut mauris eget massa tempor convallis nulla neque libero convallis eget eleifend luctus ultricies eu nibh quisque id justo sit amet sapien dignissim vestibulum');
insert into News_Article (hyperlink, title, article_body) values ('https://opera.com', 'et magnis dis parturient', 'eget tincidunt eget tempus vel pede morbi porttitor lorem id ligula suspendisse ornare consequat lectus in est risus auctor sed tristique in tempus sit amet sem fusce consequat nulla nisl');
insert into News_Article (hyperlink, title, article_body) values ('https://theatlantic.com', 'diam cras pellentesque volutpat dui maecenas tristique est', 'velit vivamus vel nulla eget eros elementum pellentesque quisque porta volutpat erat quisque erat eros viverra eget congue eget semper rutrum nulla nunc purus phasellus in felis donec semper sapien a libero nam dui proin leo odio porttitor id consequat in consequat ut');
insert into News_Article (hyperlink, title, article_body) values ('http://marketwatch.com', 'sapien ut nunc vestibulum ante ipsum primis in', 'donec diam neque vestibulum eget vulputate ut ultrices vel augue vestibulum ante ipsum primis in faucibus orci luctus et ultrices posuere cubilia curae donec pharetra magna vestibulum aliquet ultrices erat tortor');
insert into News_Article (hyperlink, title, article_body) values ('http://studiopress.com', 'elementum eu interdum', 'amet erat nulla tempus vivamus in felis eu sapien cursus vestibulum proin eu mi nulla ac enim in tempor turpis nec euismod scelerisque quam turpis adipiscing lorem vitae mattis nibh ligula nec sem duis aliquam convallis nunc proin at turpis a pede posuere nonummy integer');
insert into News_Article (hyperlink, title, article_body) values ('http://rambler.ru', 'aliquam sit amet diam in magna bibendum imperdiet nullam', 'ridiculus mus etiam vel augue vestibulum rutrum rutrum neque aenean auctor gravida sem praesent id massa id nisl venenatis lacinia aenean sit amet justo morbi ut odio cras mi pede malesuada');
insert into News_Article (hyperlink, title, article_body) values ('http://sun.com', 'volutpat in congue etiam justo', 'proin eu mi nulla ac enim in tempor turpis nec euismod scelerisque quam turpis adipiscing lorem vitae mattis nibh ligula nec sem duis aliquam convallis nunc proin at turpis a pede posuere nonummy integer non velit donec diam neque vestibulum eget');
insert into News_Article (hyperlink, title, article_body) values ('https://unblog.fr', 'amet diam in magna bibendum imperdiet nullam', 'suspendisse accumsan tortor quis turpis sed ante vivamus tortor duis mattis egestas metus aenean fermentum donec ut mauris eget massa tempor convallis nulla neque libero convallis eget eleifend luctus ultricies eu nibh quisque id justo sit');
insert into News_Article (hyperlink, title, article_body) values ('http://ebay.com', 'ante ipsum primis in faucibus orci luctus et ultrices posuere', 'pretium iaculis diam erat fermentum justo nec condimentum neque sapien placerat ante nulla justo aliquam quis turpis eget elit sodales scelerisque mauris sit amet eros suspendisse accumsan tortor quis turpis sed ante vivamus tortor duis');
insert into News_Article (hyperlink, title, article_body) values ('http://skyrock.com', 'luctus ultricies eu nibh quisque id justo sit', 'venenatis non sodales sed tincidunt eu felis fusce posuere felis sed lacus morbi sem mauris laoreet ut rhoncus aliquet pulvinar sed nisl nunc rhoncus dui vel sem sed sagittis nam congue risus semper');
insert into News_Article (hyperlink, title, article_body) values ('https://patch.com', 'nisl nunc nisl duis bibendum felis sed', 'risus auctor sed tristique in tempus sit amet sem fusce consequat nulla nisl nunc nisl duis bibendum felis sed interdum venenatis turpis enim blandit mi in porttitor pede justo eu massa donec dapibus duis at velit eu');
insert into News_Article (hyperlink, title, article_body) values ('https://ft.com', 'ipsum ac tellus', 'augue luctus tincidunt nulla mollis molestie lorem quisque ut erat curabitur gravida nisi at nibh in hac habitasse platea dictumst aliquam augue quam sollicitudin vitae consectetuer eget rutrum at lorem integer tincidunt ante vel ipsum praesent');
insert into News_Article (hyperlink, title, article_body) values ('https://vimeo.com', 'aliquam lacus morbi', 'consequat dui nec nisi volutpat eleifend donec ut dolor morbi vel lectus in quam fringilla rhoncus mauris enim leo rhoncus sed vestibulum sit amet cursus id turpis integer aliquet massa id lobortis convallis tortor risus dapibus augue vel accumsan tellus nisi eu orci mauris lacinia');
insert into News_Article (hyperlink, title, article_body) values ('http://blog.com', 'sapien sapien non mi integer ac neque duis bibendum', 'est donec odio justo sollicitudin ut suscipit a feugiat et eros vestibulum ac est lacinia nisi venenatis tristique fusce congue diam id ornare imperdiet sapien urna pretium nisl ut volutpat sapien arcu sed augue aliquam erat volutpat in congue etiam');
insert into News_Article (hyperlink, title, article_body) values ('https://google.co.uk', 'quam nec dui luctus rutrum', 'nullam varius nulla facilisi cras non velit nec nisi vulputate nonummy maecenas tincidunt lacus at velit vivamus vel nulla eget eros elementum pellentesque quisque porta volutpat erat quisque erat eros viverra');
insert into News_Article (hyperlink, title, article_body) values ('http://360.cn', 'consequat metus sapien ut nunc vestibulum ante', 'suspendisse potenti nullam porttitor lacus at turpis donec posuere metus vitae ipsum aliquam non mauris morbi non lectus aliquam sit amet diam in magna bibendum imperdiet nullam orci pede venenatis non sodales sed');
insert into News_Article (hyperlink, title, article_body) values ('https://cisco.com', 'ut erat curabitur gravida nisi', 'sapien quis libero nullam sit amet turpis elementum ligula vehicula consequat morbi a ipsum integer a nibh in quis justo maecenas rhoncus aliquam lacus morbi quis tortor id nulla ultrices aliquet maecenas leo odio condimentum id luctus nec molestie sed justo');
insert into News_Article (hyperlink, title, article_body) values ('https://princeton.edu', 'arcu sed augue aliquam erat volutpat in', 'in lectus pellentesque at nulla suspendisse potenti cras in purus eu magna vulputate luctus cum sociis natoque penatibus et magnis dis parturient montes nascetur ridiculus mus vivamus vestibulum sagittis sapien cum sociis natoque penatibus et magnis dis parturient montes');
insert into News_Article (hyperlink, title, article_body) values ('https://oracle.com', 'tristique in tempus sit amet', 'ligula pellentesque ultrices phasellus id sapien in sapien iaculis congue vivamus metus arcu adipiscing molestie hendrerit at vulputate vitae nisl aenean lectus pellentesque eget nunc donec quis orci eget orci vehicula condimentum curabitur in libero ut massa volutpat convallis morbi odio odio elementum');
insert into News_Article (hyperlink, title, article_body) values ('http://quantcast.com', 'vestibulum velit id pretium iaculis diam', 'libero quis orci nullam molestie nibh in lectus pellentesque at nulla suspendisse potenti cras in purus eu magna vulputate luctus cum sociis natoque penatibus et magnis dis parturient montes nascetur ridiculus mus vivamus vestibulum sagittis sapien cum sociis natoque penatibus');
insert into News_Article (hyperlink, title, article_body) values ('http://bigcartel.com', 'suspendisse potenti nullam', 'bibendum felis sed interdum venenatis turpis enim blandit mi in porttitor pede justo eu massa donec dapibus duis at velit eu est congue elementum in hac habitasse platea dictumst morbi vestibulum velit id pretium iaculis diam erat fermentum justo nec condimentum neque');
insert into News_Article (hyperlink, title, article_body) values ('http://wikipedia.org', 'ultrices aliquet maecenas leo odio condimentum id luctus nec', 'quam nec dui luctus rutrum nulla tellus in sagittis dui vel nisl duis ac nibh fusce lacus purus aliquet at feugiat non pretium quis lectus suspendisse potenti in eleifend quam a odio in hac habitasse platea dictumst maecenas ut massa quis augue');
insert into News_Article (hyperlink, title, article_body) values ('http://dedecms.com', 'habitasse platea dictumst etiam faucibus cursus urna ut', 'cum sociis natoque penatibus et magnis dis parturient montes nascetur ridiculus mus vivamus vestibulum sagittis sapien cum sociis natoque penatibus et magnis dis parturient montes nascetur ridiculus mus etiam vel augue vestibulum rutrum rutrum neque');
insert into News_Article (hyperlink, title, article_body) values ('https://t.co', 'erat quisque erat eros viverra', 'mauris viverra diam vitae quam suspendisse potenti nullam porttitor lacus at turpis donec posuere metus vitae ipsum aliquam non mauris morbi non lectus aliquam sit amet diam in magna bibendum imperdiet nullam orci pede venenatis non sodales sed tincidunt eu felis fusce posuere felis');
insert into News_Article (hyperlink, title, article_body) values ('https://simplemachines.org', 'tellus nulla ut erat id mauris vulputate', 'donec ut dolor morbi vel lectus in quam fringilla rhoncus mauris enim leo rhoncus sed vestibulum sit amet cursus id turpis integer aliquet massa id lobortis convallis tortor risus dapibus augue vel accumsan tellus nisi eu orci mauris');
insert into News_Article (hyperlink, title, article_body) values ('https://is.gd', 'sapien cum sociis natoque penatibus et', 'bibendum morbi non quam nec dui luctus rutrum nulla tellus in sagittis dui vel nisl duis ac nibh fusce lacus purus aliquet at feugiat non pretium quis lectus suspendisse potenti in eleifend quam a odio in hac habitasse platea dictumst maecenas ut');
insert into News_Article (hyperlink, title, article_body) values ('http://unblog.fr', 'in ante vestibulum ante ipsum', 'nulla nisl nunc nisl duis bibendum felis sed interdum venenatis turpis enim blandit mi in porttitor pede justo eu massa donec dapibus duis at velit eu est congue elementum in hac habitasse platea dictumst');
insert into News_Article (hyperlink, title, article_body) values ('https://furl.net', 'non lectus aliquam sit amet diam in magna bibendum', 'eget semper rutrum nulla nunc purus phasellus in felis donec semper sapien a libero nam dui proin leo odio porttitor id consequat in consequat ut nulla sed accumsan felis ut at dolor quis odio consequat varius');
insert into News_Article (hyperlink, title, article_body) values ('http://yahoo.co.jp', 'tempor turpis nec euismod scelerisque quam turpis', 'diam id ornare imperdiet sapien urna pretium nisl ut volutpat sapien arcu sed augue aliquam erat volutpat in congue etiam justo etiam pretium iaculis justo in hac habitasse platea dictumst etiam faucibus cursus urna ut tellus nulla ut erat');
insert into News_Article (hyperlink, title, article_body) values ('https://geocities.com', 'mi integer ac neque duis bibendum', 'luctus et ultrices posuere cubilia curae mauris viverra diam vitae quam suspendisse potenti nullam porttitor lacus at turpis donec posuere metus vitae ipsum aliquam non mauris morbi non lectus aliquam sit amet diam in magna bibendum imperdiet nullam orci pede venenatis non sodales');
insert into News_Article (hyperlink, title, article_body) values ('http://trellian.com', 'quis tortor id nulla', 'felis sed interdum venenatis turpis enim blandit mi in porttitor pede justo eu massa donec dapibus duis at velit eu est congue elementum in hac habitasse platea dictumst morbi vestibulum velit id pretium iaculis diam erat fermentum justo nec condimentum neque sapien placerat ante nulla');
insert into News_Article (hyperlink, title, article_body) values ('http://nba.com', 'fusce lacus purus aliquet at feugiat non pretium quis lectus', 'eu mi nulla ac enim in tempor turpis nec euismod scelerisque quam turpis adipiscing lorem vitae mattis nibh ligula nec sem duis aliquam convallis nunc proin at turpis a pede posuere nonummy integer non velit donec diam neque');
insert into News_Article (hyperlink, title, article_body) values ('http://about.com', 'pharetra magna ac consequat metus sapien ut nunc vestibulum', 'magna vulputate luctus cum sociis natoque penatibus et magnis dis parturient montes nascetur ridiculus mus vivamus vestibulum sagittis sapien cum sociis natoque penatibus et magnis dis parturient montes nascetur ridiculus mus etiam vel augue vestibulum rutrum rutrum neque aenean auctor gravida');
insert into News_Article (hyperlink, title, article_body) values ('http://indiegogo.com', 'pede ullamcorper augue a suscipit nulla elit ac nulla', 'justo pellentesque viverra pede ac diam cras pellentesque volutpat dui maecenas tristique est et tempus semper est quam pharetra magna ac consequat metus sapien ut nunc vestibulum ante ipsum primis in faucibus orci luctus et ultrices');
insert into News_Article (hyperlink, title, article_body) values ('http://opera.com', 'natoque penatibus et', 'ut suscipit a feugiat et eros vestibulum ac est lacinia nisi venenatis tristique fusce congue diam id ornare imperdiet sapien urna pretium nisl ut volutpat sapien arcu sed augue aliquam erat volutpat in congue etiam justo etiam pretium iaculis justo in');
insert into News_Article (hyperlink, title, article_body) values ('http://tinyurl.com', 'in tempor turpis nec', 'vulputate elementum nullam varius nulla facilisi cras non velit nec nisi vulputate nonummy maecenas tincidunt lacus at velit vivamus vel nulla eget eros elementum pellentesque quisque porta volutpat erat quisque erat eros viverra eget congue eget semper rutrum nulla nunc purus phasellus in felis');
insert into News_Article (hyperlink, title, article_body) values ('https://wired.com', 'feugiat et eros vestibulum ac', 'amet justo morbi ut odio cras mi pede malesuada in imperdiet et commodo vulputate justo in blandit ultrices enim lorem ipsum dolor sit amet consectetuer adipiscing elit proin interdum mauris non ligula pellentesque ultrices phasellus id sapien in');
insert into News_Article (hyperlink, title, article_body) values ('http://google.it', 'in felis eu sapien cursus vestibulum proin eu mi', 'pede morbi porttitor lorem id ligula suspendisse ornare consequat lectus in est risus auctor sed tristique in tempus sit amet sem fusce consequat nulla nisl nunc nisl duis bibendum felis sed interdum venenatis turpis enim blandit mi');
insert into News_Article (hyperlink, title, article_body) values ('https://behance.net', 'faucibus orci luctus', 'est quam pharetra magna ac consequat metus sapien ut nunc vestibulum ante ipsum primis in faucibus orci luctus et ultrices posuere cubilia curae mauris viverra diam vitae quam suspendisse potenti');
insert into News_Article (hyperlink, title, article_body) values ('https://timesonline.co.uk', 'ipsum integer a nibh in quis', 'risus auctor sed tristique in tempus sit amet sem fusce consequat nulla nisl nunc nisl duis bibendum felis sed interdum venenatis turpis enim blandit mi in porttitor pede justo eu massa donec dapibus duis at velit eu est congue');
insert into News_Article (hyperlink, title, article_body) values ('https://fc2.com', 'parturient montes nascetur', 'pulvinar lobortis est phasellus sit amet erat nulla tempus vivamus in felis eu sapien cursus vestibulum proin eu mi nulla ac enim in tempor turpis nec euismod scelerisque quam turpis adipiscing lorem vitae mattis nibh ligula nec sem duis aliquam convallis nunc proin');
insert into News_Article (hyperlink, title, article_body) values ('http://netscape.com', 'nam tristique tortor eu', 'diam id ornare imperdiet sapien urna pretium nisl ut volutpat sapien arcu sed augue aliquam erat volutpat in congue etiam justo etiam pretium iaculis justo in hac habitasse platea dictumst etiam faucibus cursus urna ut tellus nulla ut erat id mauris vulputate elementum nullam varius');
insert into News_Article (hyperlink, title, article_body) values ('http://usnews.com', 'ullamcorper augue a suscipit nulla elit', 'rhoncus sed vestibulum sit amet cursus id turpis integer aliquet massa id lobortis convallis tortor risus dapibus augue vel accumsan tellus nisi eu orci mauris lacinia sapien quis libero nullam sit amet turpis elementum ligula vehicula consequat morbi a');
insert into News_Article (hyperlink, title, article_body) values ('http://csmonitor.com', 'libero quis orci nullam molestie nibh in', 'odio donec vitae nisi nam ultrices libero non mattis pulvinar nulla pede ullamcorper augue a suscipit nulla elit ac nulla sed vel enim sit amet nunc viverra dapibus nulla suscipit ligula in lacus curabitur at ipsum ac tellus semper interdum');
insert into News_Article (hyperlink, title, article_body) values ('https://jalbum.net', 'consequat in consequat ut', 'ipsum integer a nibh in quis justo maecenas rhoncus aliquam lacus morbi quis tortor id nulla ultrices aliquet maecenas leo odio condimentum id luctus nec molestie sed justo pellentesque viverra pede ac diam cras pellentesque volutpat dui maecenas');
insert into News_Article (hyperlink, title, article_body) values ('http://wikispaces.com', 'vivamus tortor duis mattis egestas metus aenean', 'mauris laoreet ut rhoncus aliquet pulvinar sed nisl nunc rhoncus dui vel sem sed sagittis nam congue risus semper porta volutpat quam pede lobortis ligula sit amet eleifend pede libero quis orci nullam molestie nibh in lectus pellentesque at');

-- Player

insert into Player (player_id, draft_year, pick_number, position, p_fname, p_lname, age, college, salary, jersey_number, cur_team, team_id) values (1, 2021, 75, 'Catcher', 'Alfons', 'Verring', 24, 'Universidad Franco-Mexicana', 58835681, 30, 'Atlanta Braves', '1');
insert into Player (player_id, draft_year, pick_number, position, p_fname, p_lname, age, college, salary, jersey_number, cur_team, team_id) values (2, 1996, 91, 'Center Field', 'Reinold', 'Stephenson', 29, 'Academy of Arts in Bansk Bystrica', 74495352, 93, 'Miami Marlins', '2');
insert into Player (player_id, draft_year, pick_number, position, p_fname, p_lname, age, college, salary, jersey_number, cur_team, team_id) values (3, 2018, 276, 'First Base', 'Heath', 'Skillern', 30, 'Shendi University', 14471834, 24, 'New York Mets', '3');
insert into Player (player_id, draft_year, pick_number, position, p_fname, p_lname, age, college, salary, jersey_number, cur_team, team_id) values (4, 2017, 12, 'Right Field', 'Juliette', 'Ecclesall', 39, 'Harvey Mudd College', 15048571, 47, 'Philadelphia Phillies', '4');
insert into Player (player_id, draft_year, pick_number, position, p_fname, p_lname, age, college, salary, jersey_number, cur_team, team_id) values (5, 1995, 237, 'First Base', 'Kiri', 'Wrenn', 36, 'California State University, Stanislaus', 79994724, 3, 'Washington Nationals', '5');
insert into Player (player_id, draft_year, pick_number, position, p_fname, p_lname, age, college, salary, jersey_number, cur_team, team_id) values (6, 2014, 46, 'First Base', 'Aindrea', 'Pettiward', 23, 'Noakhali University of Science and Technology', 63180751, 84, 'Chicago Cubs', '6');
insert into Player (player_id, draft_year, pick_number, position, p_fname, p_lname, age, college, salary, jersey_number, cur_team, team_id) values (7, 2017, 59, 'Center Field', 'Ario', 'Hansed', 32, 'Universidad Politecnica de Puerto Rico', 39665111, 75, 'Cincinnati Reds', '7');
insert into Player (player_id, draft_year, pick_number, position, p_fname, p_lname, age, college, salary, jersey_number, cur_team, team_id) values (8, 2023, 25, 'Pitcher', 'Codee', 'Mate', 23, 'Tokoha Gakuen University', 10781712, 44, 'Milwaukee Brewers', '8');
insert into Player (player_id, draft_year, pick_number, position, p_fname, p_lname, age, college, salary, jersey_number, cur_team, team_id) values (9, 2021, 187, 'Catcher', 'Meggy', 'Ourtic', 29, 'Omdurman Ahlia University', 91674972, 33, 'Pittsburgh Pirates', '9');
insert into Player (player_id, draft_year, pick_number, position, p_fname, p_lname, age, college, salary, jersey_number, cur_team, team_id) values (10, 2021, 108, 'Second Base', 'Morna', 'Whittaker', 19, 'Beirut Arab University', 27057509, 88, 'St. Louis Cardinals', '10');
insert into Player (player_id, draft_year, pick_number, position, p_fname, p_lname, age, college, salary, jersey_number, cur_team, team_id) values (11, 2019, 272, 'Second Base', 'Elsi', 'Munson', 18, 'University of Wamia and Masuria in Olsztyn', 74564801, 25, 'Arizona Diamondbacks', '11');
insert into Player (player_id, draft_year, pick_number, position, p_fname, p_lname, age, college, salary, jersey_number, cur_team, team_id) values (12, 2011, 120, 'Third Base', 'Ezequiel', 'Faithfull', 39, 'Montclair State University', 93276709, 10, 'Colorado Rockies', '12');
insert into Player (player_id, draft_year, pick_number, position, p_fname, p_lname, age, college, salary, jersey_number, cur_team, team_id) values (13, 2008, 183, 'Shortstop', 'Gabbey', 'Pennrington', 35, 'Hyogo University of Education', 24214806, 33, 'Los Angeles Dodgers', '13');
insert into Player (player_id, draft_year, pick_number, position, p_fname, p_lname, age, college, salary, jersey_number, cur_team, team_id) values (14, 2011, 246, 'Shortstop', 'Carilyn', 'Ridpath', 33, 'University of New Brunswick', 99177990, 68, 'San Diego Padres', '14');
insert into Player (player_id, draft_year, pick_number, position, p_fname, p_lname, age, college, salary, jersey_number, cur_team, team_id) values (15, 2013, 69, 'Right Field', 'Jeramey', 'Sambals', 25, 'City University', 23407543, 36, 'San Francisco Giants', '15');
insert into Player (player_id, draft_year, pick_number, position, p_fname, p_lname, age, college, salary, jersey_number, cur_team, team_id) values (16, 2016, 65, 'Left Field', 'Llewellyn', 'Charle', 21, 'Tianjin University of Commerce', 50979670, 25, 'Baltimore Orioles', '16');
insert into Player (player_id, draft_year, pick_number, position, p_fname, p_lname, age, college, salary, jersey_number, cur_team, team_id) values (17, 2020, 76, 'Catcher', 'Marylou', 'Riggoll', 28, 'Universidad Autnoma Latinoamericana', 92212182, 15, 'Boston Red Sox', '17');
insert into Player (player_id, draft_year, pick_number, position, p_fname, p_lname, age, college, salary, jersey_number, cur_team, team_id) values (18, 2007, 258, 'Left Field', 'Mada', 'Phipard-Shears', 33, 'Southwest University of Finance and Economics', 14605933, 63, 'New York Yankees', '18');
insert into Player (player_id, draft_year, pick_number, position, p_fname, p_lname, age, college, salary, jersey_number, cur_team, team_id) values (19, 2012, 34, 'Third Base', 'Cornall', 'Trematick', 37, 'St. Petersburg State University', 69081391, 48, 'Tampa Bay Rays', '19');
insert into Player (player_id, draft_year, pick_number, position, p_fname, p_lname, age, college, salary, jersey_number, cur_team, team_id) values (20, 2004, 46, 'Catcher', 'Harriet', 'Haily', 29, 'Beirut Arab University', 5059511, 85, 'Toronto Blue Jays', '20');
insert into Player (player_id, draft_year, pick_number, position, p_fname, p_lname, age, college, salary, jersey_number, cur_team, team_id) values (21, 2004, 74, 'Catcher', 'Deerdre', 'Issacoff', 37, 'University of Warwick', 26874572, 15, 'Chicago White Sox', '21');
insert into Player (player_id, draft_year, pick_number, position, p_fname, p_lname, age, college, salary, jersey_number, cur_team, team_id) values (22, 2010, 280, 'Right Field', 'Merna', 'Sikorski', 26, 'ABTI American University of Nigeria', 28005383, 25, 'Cleveland Guardians', '22');
insert into Player (player_id, draft_year, pick_number, position, p_fname, p_lname, age, college, salary, jersey_number, cur_team, team_id) values (23, 2017, 242, 'Right Field', 'Brigitta', 'Barlie', 20, 'cole des Hautes tudes Commerciales', 46795639, 1, 'Detroit Tigers', '23');
insert into Player (player_id, draft_year, pick_number, position, p_fname, p_lname, age, college, salary, jersey_number, cur_team, team_id) values (24, 1999, 191, 'Third Base', 'Halie', 'Maha', 22, 'West Virginia Wesleyan College', 77174413, 37, 'Kansas City Royals', '24');
insert into Player (player_id, draft_year, pick_number, position, p_fname, p_lname, age, college, salary, jersey_number, cur_team, team_id) values (25, 2021, 198, 'Third Base', 'Corbin', 'Vahey', 24, 'Brjansk State Technical University', 94772797, 12, 'Minnesota Twins', '25');
insert into Player (player_id, draft_year, pick_number, position, p_fname, p_lname, age, college, salary, jersey_number, cur_team, team_id) values (26, 2003, 79, 'Right Field', 'Laurene', 'Littley', 29, 'Fachhochschule Landshut, Hochschule fr Wirtschaft - Sozialwesen - Technik', 73771067, 41, 'Houston Astros', '26');
insert into Player (player_id, draft_year, pick_number, position, p_fname, p_lname, age, college, salary, jersey_number, cur_team, team_id) values (27, 2002, 245, 'Right Field', 'Antone', 'Gunton', 26, 'Oklahoma City University', 80583737, 41, 'Los Angeles Angels', '27');
insert into Player (player_id, draft_year, pick_number, position, p_fname, p_lname, age, college, salary, jersey_number, cur_team, team_id) values (28, 2003, 81, 'Left Field', 'Fedora', 'Creany', 24, 'Shimane University, Faculty of Medicine', 92437641, 3, 'Oakland Athletics', '28');
insert into Player (player_id, draft_year, pick_number, position, p_fname, p_lname, age, college, salary, jersey_number, cur_team, team_id) values (29, 2010, 177, 'Center Field', 'Ludvig', 'Boydon', 35, 'Punjab Institute of Computer science', 97576532, 65, 'Seattle Mariners', '29');
insert into Player (player_id, draft_year, pick_number, position, p_fname, p_lname, age, college, salary, jersey_number, cur_team, team_id) values (30, 2016, 66, 'Left Field', 'Marquita', 'Btham', 31, 'Fort Valley State College', 71451839, 29, 'Texas Rangers', '30');
insert into Player (player_id, draft_year, pick_number, position, p_fname, p_lname, age, college, salary, jersey_number, cur_team, team_id) values (31, 2020, 262, 'Center Field', 'Jaye', 'Sibbe', 19, 'Institut Teknologi Bandung', 18388640, 16, 'Atlanta Braves', '1');
insert into Player (player_id, draft_year, pick_number, position, p_fname, p_lname, age, college, salary, jersey_number, cur_team, team_id) values (32, 2016, 106, 'Catcher', 'Jordana', 'Coleby', 23, 'Turin Polytechnic University In Tashkent', 25602043, 23, 'Miami Marlins', '2');
insert into Player (player_id, draft_year, pick_number, position, p_fname, p_lname, age, college, salary, jersey_number, cur_team, team_id) values (33, 2007, 73, 'Catcher', 'Eimile', 'Thonason', 22, 'Kanagawa Dental College', 87880401, 81, 'New York Mets', '3');
insert into Player (player_id, draft_year, pick_number, position, p_fname, p_lname, age, college, salary, jersey_number, cur_team, team_id) values (34, 2019, 46, 'Left Field', 'Pippa', 'Wanklin', 28, 'Denver Technical College', 8935178, 72, 'Philadelphia Phillies', '4');
insert into Player (player_id, draft_year, pick_number, position, p_fname, p_lname, age, college, salary, jersey_number, cur_team, team_id) values (35, 2006, 142, 'Catcher', 'Hamid', 'Dalla', 25, 'Centro de Estudios Universitarios Xochicalco', 28867065, 5, 'Washington Nationals', '5');
insert into Player (player_id, draft_year, pick_number, position, p_fname, p_lname, age, college, salary, jersey_number, cur_team, team_id) values (36, 2022, 142, 'Pitcher', 'Webb', 'Neville', 33, 'Chongqing Wenli University', 60001932, 45, 'Chicago Cubs', '6');
insert into Player (player_id, draft_year, pick_number, position, p_fname, p_lname, age, college, salary, jersey_number, cur_team, team_id) values (37, 2013, 21, 'Second Base', 'Rodrique', 'Kenyon', 36, 'Universit de Reims Champagne-Ardenne', 63971401, 82, 'Cincinnati Reds', '7');
insert into Player (player_id, draft_year, pick_number, position, p_fname, p_lname, age, college, salary, jersey_number, cur_team, team_id) values (38, 2009, 278, 'Catcher', 'Ase', 'Milan', 24, 'Universidad San Sebastian', 69032491, 17, 'Milwaukee Brewers', '8');
insert into Player (player_id, draft_year, pick_number, position, p_fname, p_lname, age, college, salary, jersey_number, cur_team, team_id) values (39, 2013, 223, 'Center Field', 'Wildon', 'Leng', 19, 'Christian Brothers University', 89566659, 96, 'Pittsburgh Pirates', '9');
insert into Player (player_id, draft_year, pick_number, position, p_fname, p_lname, age, college, salary, jersey_number, cur_team, team_id) values (40, 2008, 195, 'Third Base', 'Marty', 'Renvoise', 27, 'Angelo State University', 96510148, 17, 'St. Louis Cardinals', '10');
insert into Player (player_id, draft_year, pick_number, position, p_fname, p_lname, age, college, salary, jersey_number, cur_team, team_id) values (41, 2001, 89, 'Third Base', 'Boony', 'Wycliff', 34, 'Universitas Jember', 6308592, 59, 'Arizona Diamondbacks', '11');
insert into Player (player_id, draft_year, pick_number, position, p_fname, p_lname, age, college, salary, jersey_number, cur_team, team_id) values (42, 2020, 112, 'Right Field', 'Denna', 'Emma', 37, 'Athens University of Economics and Business', 58930440, 93, 'Colorado Rockies', '12');
insert into Player (player_id, draft_year, pick_number, position, p_fname, p_lname, age, college, salary, jersey_number, cur_team, team_id) values (43, 2008, 106, 'Center Field', 'Freddy', 'Leworthy', 39, 'Gallaudet University', 91913253, 98, 'Los Angeles Dodgers', '13');
insert into Player (player_id, draft_year, pick_number, position, p_fname, p_lname, age, college, salary, jersey_number, cur_team, team_id) values (44, 2006, 195, 'Third Base', 'Dorthy', 'Merrydew', 33, 'Siberian State Transport University', 28160247, 35, 'San Diego Padres', '14');
insert into Player (player_id, draft_year, pick_number, position, p_fname, p_lname, age, college, salary, jersey_number, cur_team, team_id) values (45, 1994, 191, 'Catcher', 'Corella', 'Leyninye', 29, 'Ahmadu Bello University', 50736922, 31, 'San Francisco Giants', '15');
insert into Player (player_id, draft_year, pick_number, position, p_fname, p_lname, age, college, salary, jersey_number, cur_team, team_id) values (46, 2008, 226, 'Shortstop', 'Davy', 'Coaten', 19, 'Allama Iqbal Open University', 47945415, 29, 'Baltimore Orioles', '16');
insert into Player (player_id, draft_year, pick_number, position, p_fname, p_lname, age, college, salary, jersey_number, cur_team, team_id) values (47, 2002, 259, 'Shortstop', 'Ora', 'Drance', 27, 'Osaka Prefectural University', 11366737, 71, 'Boston Red Sox', '17');
insert into Player (player_id, draft_year, pick_number, position, p_fname, p_lname, age, college, salary, jersey_number, cur_team, team_id) values (48, 2018, 184, 'Center Field', 'Kristine', 'Egan', 36, 'Hahnamann Honoeopathic Medical College', 96647552, 43, 'New York Yankees', '18');
insert into Player (player_id, draft_year, pick_number, position, p_fname, p_lname, age, college, salary, jersey_number, cur_team, team_id) values (49, 2012, 84, 'Third Base', 'Vikki', 'Winman', 26, 'Lincoln University Missouri', 94975127, 94, 'Tampa Bay Rays', '19');
insert into Player (player_id, draft_year, pick_number, position, p_fname, p_lname, age, college, salary, jersey_number, cur_team, team_id) values (50, 2007, 141, 'First Base', 'Loydie', 'Effemy', 36, 'Boise State University', 13288866, 64, 'Toronto Blue Jays', '20');
insert into Player (player_id, draft_year, pick_number, position, p_fname, p_lname, age, college, salary, jersey_number, cur_team, team_id) values (51, 2019, 229, 'Shortstop', 'Bradan', 'Clausner', 20, 'Universidad Abierta y a Distancia de Panama', 8731111, 49, 'Chicago White Sox', '21');
insert into Player (player_id, draft_year, pick_number, position, p_fname, p_lname, age, college, salary, jersey_number, cur_team, team_id) values (52, 2015, 250, 'Second Base', 'Wilden', 'Kirsop', 37, 'Madawalabu University', 541678, 33, 'Cleveland Guardians', '22');
insert into Player (player_id, draft_year, pick_number, position, p_fname, p_lname, age, college, salary, jersey_number, cur_team, team_id) values (53, 1997, 131, 'Catcher', 'Stacia', 'Lawrinson', 32, 'Jain University, Centre for Management Studies', 8294342, 86, 'Detroit Tigers', '23');
insert into Player (player_id, draft_year, pick_number, position, p_fname, p_lname, age, college, salary, jersey_number, cur_team, team_id) values (54, 1992, 222, 'Third Base', 'Pincas', 'Moretto', 21, 'Western Michigan University', 65883145, 55, 'Kansas City Royals', '24');
insert into Player (player_id, draft_year, pick_number, position, p_fname, p_lname, age, college, salary, jersey_number, cur_team, team_id) values (55, 2010, 81, 'Catcher', 'Allyn', 'Espinazo', 35, 'Universitas Kristen Indonesia', 71393847, 99, 'Minnesota Twins', '25');
insert into Player (player_id, draft_year, pick_number, position, p_fname, p_lname, age, college, salary, jersey_number, cur_team, team_id) values (56, 2009, 228, 'Shortstop', 'Gus', 'Laundon', 21, 'Mu'' tah University', 31145005, 90, 'Houston Astros', '26');
insert into Player (player_id, draft_year, pick_number, position, p_fname, p_lname, age, college, salary, jersey_number, cur_team, team_id) values (57, 2016, 75, 'Third Base', 'Patrick', 'Batrim', 25, 'University of Halifax, Birmingham Campus', 13593120, 91, 'Los Angeles Angels', '27');
insert into Player (player_id, draft_year, pick_number, position, p_fname, p_lname, age, college, salary, jersey_number, cur_team, team_id) values (58, 2005, 278, 'Catcher', 'Tildy', 'Node', 27, 'University of Szeged', 45351703, 30, 'Oakland Athletics', '28');
insert into Player (player_id, draft_year, pick_number, position, p_fname, p_lname, age, college, salary, jersey_number, cur_team, team_id) values (59, 2005, 147, 'Right Field', 'Dieter', 'Bratchell', 21, 'Universidade Tiradentes', 46996177, 62, 'Seattle Mariners', '29');
insert into Player (player_id, draft_year, pick_number, position, p_fname, p_lname, age, college, salary, jersey_number, cur_team, team_id) values (60, 2006, 18, 'Catcher', 'Antonino', 'Lamberto', 30, 'Universidad Autnoma de Chapingo', 81084292, 93, 'Texas Rangers', '30');
insert into Player (player_id, draft_year, pick_number, position, p_fname, p_lname, age, college, salary, jersey_number, cur_team, team_id) values (61, 2020, 153, 'First Base', 'Shaylynn', 'Becerro', 33, 'Universidad Nacional de San Agustin', 30613310, 71, 'Atlanta Braves', '1');
insert into Player (player_id, draft_year, pick_number, position, p_fname, p_lname, age, college, salary, jersey_number, cur_team, team_id) values (62, 2012, 157, 'First Base', 'Morris', 'Stanworth', 37, 'Amravati University', 9642875, 12, 'Miami Marlins', '2');
insert into Player (player_id, draft_year, pick_number, position, p_fname, p_lname, age, college, salary, jersey_number, cur_team, team_id) values (63, 2011, 20, 'Third Base', 'Alysa', 'Primett', 24, 'National Taiwan University of Science and Technology', 3800862, 89, 'New York Mets', '3');
insert into Player (player_id, draft_year, pick_number, position, p_fname, p_lname, age, college, salary, jersey_number, cur_team, team_id) values (64, 2011, 19, 'Right Field', 'Alla', 'Lockner', 21, 'Sir Syed University of Engineering and Technology', 29920656, 77, 'Philadelphia Phillies', '4');
insert into Player (player_id, draft_year, pick_number, position, p_fname, p_lname, age, college, salary, jersey_number, cur_team, team_id) values (65, 2013, 265, 'Right Field', 'Carmencita', 'Bonifas', 33, 'University of Swaziland', 9283636, 67, 'Washington Nationals', '5');
insert into Player (player_id, draft_year, pick_number, position, p_fname, p_lname, age, college, salary, jersey_number, cur_team, team_id) values (66, 2019, 154, 'Third Base', 'Licha', 'Boik', 24, 'Hochschule Fulda', 81616722, 7, 'Chicago Cubs', '6');
insert into Player (player_id, draft_year, pick_number, position, p_fname, p_lname, age, college, salary, jersey_number, cur_team, team_id) values (67, 2003, 143, 'Third Base', 'Estelle', 'Duding', 28, 'Institut National des Sciences Appliques de Toulouse', 59632447, 85, 'Cincinnati Reds', '7');
insert into Player (player_id, draft_year, pick_number, position, p_fname, p_lname, age, college, salary, jersey_number, cur_team, team_id) values (68, 2006, 130, 'Catcher', 'Nolan', 'Topper', 31, 'Free University Amsterdam', 98355621, 91, 'Milwaukee Brewers', '8');
insert into Player (player_id, draft_year, pick_number, position, p_fname, p_lname, age, college, salary, jersey_number, cur_team, team_id) values (69, 2020, 144, 'First Base', 'Cloris', 'Mole', 33, 'Toho College of Music', 51321001, 47, 'Pittsburgh Pirates', '9');
insert into Player (player_id, draft_year, pick_number, position, p_fname, p_lname, age, college, salary, jersey_number, cur_team, team_id) values (70, 2016, 233, 'Center Field', 'Teressa', 'Speakman', 21, 'Drake University', 57439648, 54, 'St. Louis Cardinals', '10');
insert into Player (player_id, draft_year, pick_number, position, p_fname, p_lname, age, college, salary, jersey_number, cur_team, team_id) values (71, 1996, 154, 'Third Base', 'Crystie', 'Bullivent', 40, 'Seowon University', 7260207, 12, 'Arizona Diamondbacks', '11');
insert into Player (player_id, draft_year, pick_number, position, p_fname, p_lname, age, college, salary, jersey_number, cur_team, team_id) values (72, 2003, 123, 'Catcher', 'Wiatt', 'Darnbrook', 20, 'University of Denver', 88939626, 54, 'Colorado Rockies', '12');
insert into Player (player_id, draft_year, pick_number, position, p_fname, p_lname, age, college, salary, jersey_number, cur_team, team_id) values (73, 2009, 143, 'Right Field', 'Ardyth', 'Dumphrey', 21, 'Minnesota School of Professional Psychology', 89936648, 14, 'Los Angeles Dodgers', '13');
insert into Player (player_id, draft_year, pick_number, position, p_fname, p_lname, age, college, salary, jersey_number, cur_team, team_id) values (74, 2021, 95, 'Center Field', 'Glyn', 'Attoe', 25, 'Southwest Jiaotong University', 44803192, 43, 'San Diego Padres', '14');
insert into Player (player_id, draft_year, pick_number, position, p_fname, p_lname, age, college, salary, jersey_number, cur_team, team_id) values (75, 2003, 97, 'Catcher', 'Nanni', 'Syne', 40, 'Thainguyen University of Agriculture and Forestry', 91186558, 90, 'San Francisco Giants', '15');
insert into Player (player_id, draft_year, pick_number, position, p_fname, p_lname, age, college, salary, jersey_number, cur_team, team_id) values (76, 2013, 33, 'Shortstop', 'Ive', 'Bengle', 37, 'Irbid National University', 4273546, 76, 'Baltimore Orioles', '16');
insert into Player (player_id, draft_year, pick_number, position, p_fname, p_lname, age, college, salary, jersey_number, cur_team, team_id) values (77, 2019, 17, 'First Base', 'Gayelord', 'Faccini', 23, 'Technical University of Liberec', 6614846, 4, 'Boston Red Sox', '17');
insert into Player (player_id, draft_year, pick_number, position, p_fname, p_lname, age, college, salary, jersey_number, cur_team, team_id) values (78, 2004, 157, 'Catcher', 'Lindsay', 'Bockh', 38, 'Warsaw School of Economics', 15622992, 11, 'New York Yankees', '18');
insert into Player (player_id, draft_year, pick_number, position, p_fname, p_lname, age, college, salary, jersey_number, cur_team, team_id) values (79, 1998, 182, 'Right Field', 'Rina', 'Josifovitz', 33, 'Kamakura Women''s College', 42933982, 14, 'Tampa Bay Rays', '19');
insert into Player (player_id, draft_year, pick_number, position, p_fname, p_lname, age, college, salary, jersey_number, cur_team, team_id) values (80, 2009, 163, 'Right Field', 'Timi', 'Yeliashev', 20, 'Gannon University', 51207931, 58, 'Toronto Blue Jays', '20');
insert into Player (player_id, draft_year, pick_number, position, p_fname, p_lname, age, college, salary, jersey_number, cur_team, team_id) values (81, 2011, 228, 'Third Base', 'Caro', 'Merrisson', 32, 'Kermanshah University of Technology', 79764790, 56, 'Chicago White Sox', '21');
insert into Player (player_id, draft_year, pick_number, position, p_fname, p_lname, age, college, salary, jersey_number, cur_team, team_id) values (82, 2006, 11, 'Left Field', 'Lennie', 'Kiely', 26, 'University of Guyana', 84048276, 6, 'Cleveland Guardians', '22');
insert into Player (player_id, draft_year, pick_number, position, p_fname, p_lname, age, college, salary, jersey_number, cur_team, team_id) values (83, 2013, 153, 'Left Field', 'Darbie', 'De Few', 39, 'Rivers State University of Science and Technology', 11819224, 39, 'Detroit Tigers', '23');
insert into Player (player_id, draft_year, pick_number, position, p_fname, p_lname, age, college, salary, jersey_number, cur_team, team_id) values (84, 2021, 186, 'Third Base', 'Alissa', 'Cast', 24, 'National University of Computer & Emerging Sciences', 71294179, 64, 'Kansas City Royals', '24');
insert into Player (player_id, draft_year, pick_number, position, p_fname, p_lname, age, college, salary, jersey_number, cur_team, team_id) values (85, 2011, 114, 'Second Base', 'Patrice', 'Bestwall', 27, 'Texas A&M University - Galveston', 10591562, 65, 'Minnesota Twins', '25');
insert into Player (player_id, draft_year, pick_number, position, p_fname, p_lname, age, college, salary, jersey_number, cur_team, team_id) values (86, 1996, 82, 'Center Field', 'Temple', 'Blue', 35, 'Universidade de Itana', 1852373, 1, 'Houston Astros', '26');
insert into Player (player_id, draft_year, pick_number, position, p_fname, p_lname, age, college, salary, jersey_number, cur_team, team_id) values (87, 2021, 105, 'Catcher', 'Dorey', 'Gamble', 21, 'Bircham International University', 82608506, 24, 'Los Angeles Angels', '27');
insert into Player (player_id, draft_year, pick_number, position, p_fname, p_lname, age, college, salary, jersey_number, cur_team, team_id) values (88, 2016, 51, 'Shortstop', 'Maxy', 'Parkman', 24, 'Hebei Academy of Fine Art', 99111855, 41, 'Oakland Athletics', '28');
insert into Player (player_id, draft_year, pick_number, position, p_fname, p_lname, age, college, salary, jersey_number, cur_team, team_id) values (89, 2006, 215, 'Shortstop', 'Demeter', 'Malec', 37, 'Universidad APEC', 3941059, 38, 'Seattle Mariners', '29');
insert into Player (player_id, draft_year, pick_number, position, p_fname, p_lname, age, college, salary, jersey_number, cur_team, team_id) values (90, 2017, 158, 'Right Field', 'Sanson', 'Jaques', 30, 'Fukui Medical School', 39452329, 42, 'Texas Rangers', '30');
insert into Player (player_id, draft_year, pick_number, position, p_fname, p_lname, age, college, salary, jersey_number, cur_team, team_id) values (91, 2018, 20, 'Center Field', 'Zacharia', 'Carriage', 32, 'University of Nevada - Reno', 64446681, 95, 'Atlanta Braves', '1');
insert into Player (player_id, draft_year, pick_number, position, p_fname, p_lname, age, college, salary, jersey_number, cur_team, team_id) values (92, 2004, 274, 'Third Base', 'Prudi', 'Corpe', 28, 'Universidad de Palermo', 82386590, 56, 'Miami Marlins', '2');
insert into Player (player_id, draft_year, pick_number, position, p_fname, p_lname, age, college, salary, jersey_number, cur_team, team_id) values (93, 2021, 205, 'Right Field', 'Guilbert', 'Gatsby', 32, 'Universidad Catolica del Maule', 58649845, 42, 'New York Mets', '3');
insert into Player (player_id, draft_year, pick_number, position, p_fname, p_lname, age, college, salary, jersey_number, cur_team, team_id) values (94, 2016, 161, 'Catcher', 'Austine', 'Stych', 30, 'University of Grigol Robakidze', 76608423, 50, 'Philadelphia Phillies', '4');
insert into Player (player_id, draft_year, pick_number, position, p_fname, p_lname, age, college, salary, jersey_number, cur_team, team_id) values (95, 2002, 260, 'Second Base', 'Lonnie', 'Richichi', 26, 'Westminster College of Salt Lake City', 92596312, 62, 'Washington Nationals', '5');
insert into Player (player_id, draft_year, pick_number, position, p_fname, p_lname, age, college, salary, jersey_number, cur_team, team_id) values (96, 2010, 130, 'Third Base', 'Rubie', 'Du Fray', 33, 'National Research University of Electronic Technology', 5274532, 94, 'Chicago Cubs', '6');
insert into Player (player_id, draft_year, pick_number, position, p_fname, p_lname, age, college, salary, jersey_number, cur_team, team_id) values (97, 2007, 145, 'Right Field', 'Shurlock', 'De Mars', 33, 'College of St. Joseph', 42875516, 16, 'Cincinnati Reds', '7');
insert into Player (player_id, draft_year, pick_number, position, p_fname, p_lname, age, college, salary, jersey_number, cur_team, team_id) values (98, 2015, 108, 'Left Field', 'Nedda', 'Skeleton', 26, 'Rowan University', 49372880, 67, 'Milwaukee Brewers', '8');
insert into Player (player_id, draft_year, pick_number, position, p_fname, p_lname, age, college, salary, jersey_number, cur_team, team_id) values (99, 1996, 11, 'Center Field', 'Tine', 'Macak', 24, 'Coventry University', 59124841, 26, 'Pittsburgh Pirates', '9');
insert into Player (player_id, draft_year, pick_number, position, p_fname, p_lname, age, college, salary, jersey_number, cur_team, team_id) values (100, 2016, 227, 'Catcher', 'Gelya', 'Duddan', 29, 'Middlesex University', 73306465, 86, 'St. Louis Cardinals', '10');
insert into Player (player_id, draft_year, pick_number, position, p_fname, p_lname, age, college, salary, jersey_number, cur_team, team_id) values (101, 2007, 38, 'First Base', 'Dannye', 'Stiven', 20, 'Beijing University of Science and Technology', 96167326, 32, 'Arizona Diamondbacks', '11');
insert into Player (player_id, draft_year, pick_number, position, p_fname, p_lname, age, college, salary, jersey_number, cur_team, team_id) values (102, 2017, 1, 'Center Field', 'Teresina', 'Chainey', 26, 'University of Connecticut Health Center', 75462420, 9, 'Colorado Rockies', '12');
insert into Player (player_id, draft_year, pick_number, position, p_fname, p_lname, age, college, salary, jersey_number, cur_team, team_id) values (103, 2011, 115, 'Center Field', 'Yale', 'Cloney', 27, 'South China Normal University', 33965702, 22, 'Los Angeles Dodgers', '13');
insert into Player (player_id, draft_year, pick_number, position, p_fname, p_lname, age, college, salary, jersey_number, cur_team, team_id) values (104, 2009, 117, 'Shortstop', 'Randolph', 'Baise', 22, 'Dr. C.V. Raman University', 33241308, 32, 'San Diego Padres', '14');
insert into Player (player_id, draft_year, pick_number, position, p_fname, p_lname, age, college, salary, jersey_number, cur_team, team_id) values (105, 2020, 6, 'Center Field', 'Shelley', 'Houlaghan', 32, 'University of Lavasanat Pnu', 14711166, 77, 'San Francisco Giants', '15');
insert into Player (player_id, draft_year, pick_number, position, p_fname, p_lname, age, college, salary, jersey_number, cur_team, team_id) values (106, 2015, 59, 'Third Base', 'Hedda', 'Izzat', 32, 'Florida State University', 51235312, 6, 'Baltimore Orioles', '16');
insert into Player (player_id, draft_year, pick_number, position, p_fname, p_lname, age, college, salary, jersey_number, cur_team, team_id) values (107, 2010, 234, 'Catcher', 'Rayna', 'Rattenberie', 28, 'Muhlenberg College', 89969685, 29, 'Boston Red Sox', '17');
insert into Player (player_id, draft_year, pick_number, position, p_fname, p_lname, age, college, salary, jersey_number, cur_team, team_id) values (108, 2016, 93, 'Left Field', 'Barclay', 'Dunstan', 37, 'American-European School of Management ', 53518112, 37, 'New York Yankees', '18');
insert into Player (player_id, draft_year, pick_number, position, p_fname, p_lname, age, college, salary, jersey_number, cur_team, team_id) values (109, 2002, 15, 'First Base', 'Leela', 'Josey', 39, 'International College', 46382628, 19, 'Tampa Bay Rays', '19');
insert into Player (player_id, draft_year, pick_number, position, p_fname, p_lname, age, college, salary, jersey_number, cur_team, team_id) values (110, 2023, 275, 'Second Base', 'Khalil', 'Ziems', 22, 'Sadra University', 60021719, 61, 'Toronto Blue Jays', '20');
insert into Player (player_id, draft_year, pick_number, position, p_fname, p_lname, age, college, salary, jersey_number, cur_team, team_id) values (111, 2000, 218, 'First Base', 'Marcela', 'Blanchflower', 19, 'Fachhochschule Aachen', 44928413, 59, 'Chicago White Sox', '21');
insert into Player (player_id, draft_year, pick_number, position, p_fname, p_lname, age, college, salary, jersey_number, cur_team, team_id) values (112, 2019, 100, 'Catcher', 'Gwenny', 'Lashbrook', 29, 'University of Texas at Brownsville', 29976545, 49, 'Cleveland Guardians', '22');
insert into Player (player_id, draft_year, pick_number, position, p_fname, p_lname, age, college, salary, jersey_number, cur_team, team_id) values (113, 2012, 159, 'Right Field', 'Estevan', 'Oneile', 19, 'Samara State Agricultural Academy', 96207754, 47, 'Detroit Tigers', '23');
insert into Player (player_id, draft_year, pick_number, position, p_fname, p_lname, age, college, salary, jersey_number, cur_team, team_id) values (114, 2006, 178, 'Left Field', 'Flori', 'Forrest', 31, 'Universidad Miguel Hernndez de Elche', 79114694, 2, 'Kansas City Royals', '24');
insert into Player (player_id, draft_year, pick_number, position, p_fname, p_lname, age, college, salary, jersey_number, cur_team, team_id) values (115, 2022, 141, 'Shortstop', 'Hube', 'Merrall', 18, 'Institut des Sciences de la Matire et du Rayonnement', 45678583, 60, 'Minnesota Twins', '25');
insert into Player (player_id, draft_year, pick_number, position, p_fname, p_lname, age, college, salary, jersey_number, cur_team, team_id) values (116, 2005, 133, 'Center Field', 'Berna', 'Folcarelli', 35, 'Georgia Baptist College of Nursing', 93503839, 98, 'Houston Astros', '26');
insert into Player (player_id, draft_year, pick_number, position, p_fname, p_lname, age, college, salary, jersey_number, cur_team, team_id) values (117, 2022, 64, 'First Base', 'Ynes', 'Hardwicke', 24, 'American Academy of Nutrition', 60363516, 6, 'Los Angeles Angels', '27');
insert into Player (player_id, draft_year, pick_number, position, p_fname, p_lname, age, college, salary, jersey_number, cur_team, team_id) values (118, 2018, 48, 'Catcher', 'Vera', 'Mitham', 35, 'King Khaled University', 62256814, 27, 'Oakland Athletics', '28');
insert into Player (player_id, draft_year, pick_number, position, p_fname, p_lname, age, college, salary, jersey_number, cur_team, team_id) values (119, 2020, 11, 'Center Field', 'Noami', 'Hembling', 26, 'Xinjiang University', 35627305, 34, 'Seattle Mariners', '29');
insert into Player (player_id, draft_year, pick_number, position, p_fname, p_lname, age, college, salary, jersey_number, cur_team, team_id) values (120, 2012, 3, 'Center Field', 'Bourke', 'Bywater', 35, 'University of Karachi', 29195201, 44, 'Texas Rangers', '30');
insert into Player (player_id, draft_year, pick_number, position, p_fname, p_lname, age, college, salary, jersey_number, cur_team, team_id) values (121, 1999, 150, 'Right Field', 'Nickolas', 'Dudson', 35, 'Universidad de las Amricas - Puebla', 626171, 23, 'Atlanta Braves', '1');
insert into Player (player_id, draft_year, pick_number, position, p_fname, p_lname, age, college, salary, jersey_number, cur_team, team_id) values (122, 2021, 15, 'Center Field', 'Cornell', 'Kightly', 35, 'Okayama University of Science', 3260603, 90, 'Miami Marlins', '2');
insert into Player (player_id, draft_year, pick_number, position, p_fname, p_lname, age, college, salary, jersey_number, cur_team, team_id) values (123, 2000, 155, 'Left Field', 'Glyn', 'Gifkins', 35, 'Fachhochschule Salzburg', 82569878, 37, 'New York Mets', '3');
insert into Player (player_id, draft_year, pick_number, position, p_fname, p_lname, age, college, salary, jersey_number, cur_team, team_id) values (124, 2016, 145, 'Right Field', 'Elyssa', 'Smeuin', 35, 'Universidad Politecnica de Nicaragua', 66617248, 54, 'Philadelphia Phillies', '4');
insert into Player (player_id, draft_year, pick_number, position, p_fname, p_lname, age, college, salary, jersey_number, cur_team, team_id) values (125, 2005, 130, 'Second Base', 'Maudie', 'Leeder', 37, 'Agricultural University of Szczecin', 95758401, 16, 'Washington Nationals', '5');
insert into Player (player_id, draft_year, pick_number, position, p_fname, p_lname, age, college, salary, jersey_number, cur_team, team_id) values (126, 1998, 156, 'Shortstop', 'Lara', 'Schuck', 28, 'Universitas Nusa Cendana', 6321032, 46, 'Chicago Cubs', '6');
insert into Player (player_id, draft_year, pick_number, position, p_fname, p_lname, age, college, salary, jersey_number, cur_team, team_id) values (127, 2015, 21, 'Second Base', 'Clari', 'Geely', 32, 'Institut National des Postes et Tlcommunications', 40783456, 71, 'Cincinnati Reds', '7');
insert into Player (player_id, draft_year, pick_number, position, p_fname, p_lname, age, college, salary, jersey_number, cur_team, team_id) values (128, 2021, 21, 'Right Field', 'Si', 'Dunkinson', 26, 'Ryerson Polytechnic University', 32580470, 90, 'Milwaukee Brewers', '8');
insert into Player (player_id, draft_year, pick_number, position, p_fname, p_lname, age, college, salary, jersey_number, cur_team, team_id) values (129, 2004, 246, 'Right Field', 'Beale', 'Whitecross', 18, 'Ukrainian Medical Stomatological Academy', 51129161, 18, 'Pittsburgh Pirates', '9');
insert into Player (player_id, draft_year, pick_number, position, p_fname, p_lname, age, college, salary, jersey_number, cur_team, team_id) values (130, 2015, 85, 'Right Field', 'Dallon', 'Lilford', 32, 'Ecole Nationale Suprieure de Chimie de Toulouse', 91344960, 45, 'St. Louis Cardinals', '10');
insert into Player (player_id, draft_year, pick_number, position, p_fname, p_lname, age, college, salary, jersey_number, cur_team, team_id) values (131, 2001, 22, 'Third Base', 'Sacha', 'Heimes', 34, 'Universidad de Bologna - Representacin en Buenos Aires', 15838904, 73, 'Arizona Diamondbacks', '11');
insert into Player (player_id, draft_year, pick_number, position, p_fname, p_lname, age, college, salary, jersey_number, cur_team, team_id) values (132, 2012, 190, 'Pitcher', 'Taddeo', 'Kunath', 29, 'East Central University', 36821312, 60, 'Colorado Rockies', '12');
insert into Player (player_id, draft_year, pick_number, position, p_fname, p_lname, age, college, salary, jersey_number, cur_team, team_id) values (133, 2011, 109, 'Catcher', 'Elonore', 'Wathall', 30, 'Fachhochschule Flensburg', 72785909, 26, 'Los Angeles Dodgers', '13');
insert into Player (player_id, draft_year, pick_number, position, p_fname, p_lname, age, college, salary, jersey_number, cur_team, team_id) values (134, 2004, 89, 'Right Field', 'Roger', 'Wabersinke', 21, 'Chinju National University', 57377690, 60, 'San Diego Padres', '14');
insert into Player (player_id, draft_year, pick_number, position, p_fname, p_lname, age, college, salary, jersey_number, cur_team, team_id) values (135, 2007, 138, 'Shortstop', 'Codie', 'Verner', 30, 'Malaspina University College', 31164024, 12, 'San Francisco Giants', '15');
insert into Player (player_id, draft_year, pick_number, position, p_fname, p_lname, age, college, salary, jersey_number, cur_team, team_id) values (136, 2022, 250, 'Catcher', 'Elihu', 'Seggie', 19, 'Institut des Sciences de la Matire et du Rayonnement', 87181575, 51, 'Baltimore Orioles', '16');
insert into Player (player_id, draft_year, pick_number, position, p_fname, p_lname, age, college, salary, jersey_number, cur_team, team_id) values (137, 2003, 101, 'Shortstop', 'Bee', 'Glackin', 25, 'Ashland University', 59126788, 19, 'Boston Red Sox', '17');
insert into Player (player_id, draft_year, pick_number, position, p_fname, p_lname, age, college, salary, jersey_number, cur_team, team_id) values (138, 2010, 57, 'Left Field', 'Neville', 'Lampert', 24, 'Xavier University', 62937074, 70, 'New York Yankees', '18');
insert into Player (player_id, draft_year, pick_number, position, p_fname, p_lname, age, college, salary, jersey_number, cur_team, team_id) values (139, 2006, 166, 'First Base', 'Abdel', 'Caitlin', 30, 'Universidade Vale do Paraiba', 27839031, 48, 'Tampa Bay Rays', '19');
insert into Player (player_id, draft_year, pick_number, position, p_fname, p_lname, age, college, salary, jersey_number, cur_team, team_id) values (140, 2009, 19, 'Center Field', 'Lindsey', 'Sedgefield', 27, 'United States Merchant Marine Academy', 16994566, 41, 'Toronto Blue Jays', '20');
insert into Player (player_id, draft_year, pick_number, position, p_fname, p_lname, age, college, salary, jersey_number, cur_team, team_id) values (141, 1995, 79, 'Center Field', 'Samuele', 'Heather', 24, 'Barclay College', 35363731, 45, 'Chicago White Sox', '21');
insert into Player (player_id, draft_year, pick_number, position, p_fname, p_lname, age, college, salary, jersey_number, cur_team, team_id) values (142, 2007, 227, 'Catcher', 'Ev', 'Fluin', 18, 'Northwest Christian College', 57549746, 53, 'Cleveland Guardians', '22');
insert into Player (player_id, draft_year, pick_number, position, p_fname, p_lname, age, college, salary, jersey_number, cur_team, team_id) values (143, 2005, 274, 'Second Base', 'Ellary', 'Dunlop', 38, 'University of Greenland', 45345784, 71, 'Detroit Tigers', '23');
insert into Player (player_id, draft_year, pick_number, position, p_fname, p_lname, age, college, salary, jersey_number, cur_team, team_id) values (144, 2019, 166, 'First Base', 'Ruggiero', 'Pickering', 26, 'San Jose State University', 19144903, 7, 'Kansas City Royals', '24');
insert into Player (player_id, draft_year, pick_number, position, p_fname, p_lname, age, college, salary, jersey_number, cur_team, team_id) values (145, 2022, 16, 'Second Base', 'Ethelda', 'Brecknall', 21, 'Universidad International SEK, Santiago', 25239704, 31, 'Minnesota Twins', '25');
insert into Player (player_id, draft_year, pick_number, position, p_fname, p_lname, age, college, salary, jersey_number, cur_team, team_id) values (146, 2013, 164, 'Second Base', 'Allene', 'Sobey', 28, 'University of Divinity', 60509711, 9, 'Houston Astros', '26');
insert into Player (player_id, draft_year, pick_number, position, p_fname, p_lname, age, college, salary, jersey_number, cur_team, team_id) values (147, 2010, 49, 'Left Field', 'Stanfield', 'Duding', 38, 'Loyola University of Chicago', 23520128, 15, 'Los Angeles Angels', '27');
insert into Player (player_id, draft_year, pick_number, position, p_fname, p_lname, age, college, salary, jersey_number, cur_team, team_id) values (148, 2010, 97, 'Third Base', 'Carmita', 'McDool', 40, 'Scholl College of Podiatric Medicine', 66896643, 70, 'Oakland Athletics', '28');
insert into Player (player_id, draft_year, pick_number, position, p_fname, p_lname, age, college, salary, jersey_number, cur_team, team_id) values (149, 2020, 162, 'Second Base', 'Blinni', 'Ruecastle', 18, 'Foshan University', 23037207, 3, 'Seattle Mariners', '29');
insert into Player (player_id, draft_year, pick_number, position, p_fname, p_lname, age, college, salary, jersey_number, cur_team, team_id) values (150, 2002, 1, 'Center Field', 'Shena', 'Blanche', 37, 'National Institute of Education', 41730841, 73, 'Texas Rangers', '30');
insert into Player (player_id, draft_year, pick_number, position, p_fname, p_lname, age, college, salary, jersey_number, cur_team, team_id) values (151, 2021, 146, 'Right Field', 'Georgie', 'Coite', 35, 'Universidad Veracruzana', 11934220, 36, 'Atlanta Braves', '1');
insert into Player (player_id, draft_year, pick_number, position, p_fname, p_lname, age, college, salary, jersey_number, cur_team, team_id) values (152, 1998, 78, 'Catcher', 'Adolphe', 'Bromley', 31, 'Technological Education Institute of Mesologgi', 61634626, 27, 'Miami Marlins', '2');
insert into Player (player_id, draft_year, pick_number, position, p_fname, p_lname, age, college, salary, jersey_number, cur_team, team_id) values (153, 2018, 39, 'First Base', 'Alysia', 'Larcier', 27, 'University of Colombo', 48712619, 34, 'New York Mets', '3');
insert into Player (player_id, draft_year, pick_number, position, p_fname, p_lname, age, college, salary, jersey_number, cur_team, team_id) values (154, 2012, 189, 'Third Base', 'Randi', 'Deport', 37, 'Sri Lanka Institute of Advanced Technical Education', 18803997, 79, 'Philadelphia Phillies', '4');
insert into Player (player_id, draft_year, pick_number, position, p_fname, p_lname, age, college, salary, jersey_number, cur_team, team_id) values (155, 2001, 137, 'Third Base', 'Brockie', 'Pennacci', 25, 'University of Wisconsin - Parkside', 42649081, 37, 'Washington Nationals', '5');
insert into Player (player_id, draft_year, pick_number, position, p_fname, p_lname, age, college, salary, jersey_number, cur_team, team_id) values (156, 2007, 9, 'Third Base', 'Luther', 'Carling', 40, 'Shiraz University', 2868191, 65, 'Chicago Cubs', '6');
insert into Player (player_id, draft_year, pick_number, position, p_fname, p_lname, age, college, salary, jersey_number, cur_team, team_id) values (157, 2019, 70, 'Right Field', 'Wynn', 'Nicholson', 31, 'Northeastern Ohio University College of Medicine', 67341690, 70, 'Cincinnati Reds', '7');
insert into Player (player_id, draft_year, pick_number, position, p_fname, p_lname, age, college, salary, jersey_number, cur_team, team_id) values (158, 1999, 24, 'Left Field', 'Rene', 'Godding', 19, 'College of St. Elizabeth', 14485528, 16, 'Milwaukee Brewers', '8');
insert into Player (player_id, draft_year, pick_number, position, p_fname, p_lname, age, college, salary, jersey_number, cur_team, team_id) values (159, 2008, 165, 'First Base', 'Tildi', 'Caine', 18, 'Warner Pacific College', 24471539, 25, 'Pittsburgh Pirates', '9');
insert into Player (player_id, draft_year, pick_number, position, p_fname, p_lname, age, college, salary, jersey_number, cur_team, team_id) values (160, 2022, 16, 'Right Field', 'Krissy', 'Valentinuzzi', 22, 'Seijo University', 6428754, 70, 'St. Louis Cardinals', '10');
insert into Player (player_id, draft_year, pick_number, position, p_fname, p_lname, age, college, salary, jersey_number, cur_team, team_id) values (161, 2006, 55, 'Catcher', 'Gery', 'Blofeld', 27, 'College of Technology at Kharj', 65650251, 8, 'Arizona Diamondbacks', '11');
insert into Player (player_id, draft_year, pick_number, position, p_fname, p_lname, age, college, salary, jersey_number, cur_team, team_id) values (162, 2022, 70, 'Shortstop', 'Robb', 'Indgs', 37, 'Ohio State University - Mansfield', 77939624, 39, 'Colorado Rockies', '12');
insert into Player (player_id, draft_year, pick_number, position, p_fname, p_lname, age, college, salary, jersey_number, cur_team, team_id) values (163, 2015, 107, 'Third Base', 'Ardra', 'Chree', 32, 'Aichi University', 25411648, 19, 'Los Angeles Dodgers', '13');
insert into Player (player_id, draft_year, pick_number, position, p_fname, p_lname, age, college, salary, jersey_number, cur_team, team_id) values (164, 2002, 123, 'Second Base', 'Ruby', 'Brabyn', 27, 'Universidade de Caxias do Sul', 96495330, 60, 'San Diego Padres', '14');
insert into Player (player_id, draft_year, pick_number, position, p_fname, p_lname, age, college, salary, jersey_number, cur_team, team_id) values (165, 2017, 221, 'Pitcher', 'Penny', 'Wicher', 25, 'University of Nueva Caceres', 98307330, 69, 'San Francisco Giants', '15');
insert into Player (player_id, draft_year, pick_number, position, p_fname, p_lname, age, college, salary, jersey_number, cur_team, team_id) values (166, 2017, 47, 'Catcher', 'Valencia', 'Catterill', 22, 'Shukutoku University', 63449764, 99, 'Baltimore Orioles', '16');
insert into Player (player_id, draft_year, pick_number, position, p_fname, p_lname, age, college, salary, jersey_number, cur_team, team_id) values (167, 2021, 119, 'Center Field', 'Gusti', 'Danniel', 38, 'Campbellsville College', 28852049, 74, 'Boston Red Sox', '17');
insert into Player (player_id, draft_year, pick_number, position, p_fname, p_lname, age, college, salary, jersey_number, cur_team, team_id) values (168, 2018, 109, 'Catcher', 'Staffard', 'Gajownik', 24, 'Guangxi Normal University', 2484530, 29, 'New York Yankees', '18');
insert into Player (player_id, draft_year, pick_number, position, p_fname, p_lname, age, college, salary, jersey_number, cur_team, team_id) values (169, 2020, 48, 'Center Field', 'Adriana', 'Nisbet', 22, 'Universidad Autnoma de Bucaramanga', 7294887, 79, 'Tampa Bay Rays', '19');
insert into Player (player_id, draft_year, pick_number, position, p_fname, p_lname, age, college, salary, jersey_number, cur_team, team_id) values (170, 2020, 153, 'Second Base', 'Chelsea', 'Reyner', 19, 'National University of Shipbuilding', 71309121, 22, 'Toronto Blue Jays', '20');
insert into Player (player_id, draft_year, pick_number, position, p_fname, p_lname, age, college, salary, jersey_number, cur_team, team_id) values (171, 2016, 270, 'Shortstop', 'Hyacinth', 'Tomlinson', 31, 'St. Petersburg Institute of Arts and Restoration', 20522310, 2, 'Chicago White Sox', '21');
insert into Player (player_id, draft_year, pick_number, position, p_fname, p_lname, age, college, salary, jersey_number, cur_team, team_id) values (172, 2020, 147, 'Catcher', 'Elsy', 'Kordt', 35, 'Schiller International University, Strasbourg', 72870967, 51, 'Cleveland Guardians', '22');
insert into Player (player_id, draft_year, pick_number, position, p_fname, p_lname, age, college, salary, jersey_number, cur_team, team_id) values (173, 2014, 272, 'Third Base', 'Eberto', 'Bergeon', 19, 'Shandong Medical University', 2318266, 66, 'Detroit Tigers', '23');
insert into Player (player_id, draft_year, pick_number, position, p_fname, p_lname, age, college, salary, jersey_number, cur_team, team_id) values (174, 2006, 75, 'Third Base', 'Elaine', 'Heaford', 37, 'Gujarat Ayurved University', 20169497, 40, 'Kansas City Royals', '24');
insert into Player (player_id, draft_year, pick_number, position, p_fname, p_lname, age, college, salary, jersey_number, cur_team, team_id) values (175, 2017, 218, 'Right Field', 'Bernadene', 'Eicke', 26, 'Debrecen University of Agricultural Sciences', 17695834, 36, 'Minnesota Twins', '25');
insert into Player (player_id, draft_year, pick_number, position, p_fname, p_lname, age, college, salary, jersey_number, cur_team, team_id) values (176, 1997, 197, 'Shortstop', 'Robina', 'Matthiae', 18, 'Universidad Bicentenaria de Aragua', 77270715, 72, 'Houston Astros', '26');
insert into Player (player_id, draft_year, pick_number, position, p_fname, p_lname, age, college, salary, jersey_number, cur_team, team_id) values (177, 2008, 218, 'Third Base', 'Pat', 'Hebblethwaite', 21, 'Universidad de Zaragoza', 63223868, 60, 'Los Angeles Angels', '27');
insert into Player (player_id, draft_year, pick_number, position, p_fname, p_lname, age, college, salary, jersey_number, cur_team, team_id) values (178, 2020, 125, 'Catcher', 'Bunny', 'Swatman', 28, 'Oregon College of Arts and Crafts', 17580130, 5, 'Oakland Athletics', '28');
insert into Player (player_id, draft_year, pick_number, position, p_fname, p_lname, age, college, salary, jersey_number, cur_team, team_id) values (179, 1985, 99, 'First Base', 'Wendell', 'Menego', 37, 'Shenyang Institute of Chemical Technology', 31646730, 98, 'Seattle Mariners', '29');
insert into Player (player_id, draft_year, pick_number, position, p_fname, p_lname, age, college, salary, jersey_number, cur_team, team_id) values (180, 2018, 163, 'Center Field', 'Maureen', 'Pitbladdo', 23, 'Wolaita Sodo University', 11481741, 32, 'Texas Rangers', '30');
insert into Player (player_id, draft_year, pick_number, position, p_fname, p_lname, age, college, salary, jersey_number, cur_team, team_id) values (181, 2010, 190, 'Third Base', 'Olivier', 'Matthaus', 33, 'Institute of Education, University of London', 43216820, 62, 'Atlanta Braves', '1');
insert into Player (player_id, draft_year, pick_number, position, p_fname, p_lname, age, college, salary, jersey_number, cur_team, team_id) values (182, 2014, 113, 'Center Field', 'Bill', 'Ludee', 26, 'Vardhaman Mahaveer Open University', 99296623, 83, 'Miami Marlins', '2');
insert into Player (player_id, draft_year, pick_number, position, p_fname, p_lname, age, college, salary, jersey_number, cur_team, team_id) values (183, 2004, 83, 'Third Base', 'Cecil', 'Girauld', 21, 'Escuela Bancaria y Comercial', 58808202, 2, 'New York Mets', '3');
insert into Player (player_id, draft_year, pick_number, position, p_fname, p_lname, age, college, salary, jersey_number, cur_team, team_id) values (184, 2021, 106, 'Second Base', 'Enos', 'Dumphrey', 34, 'Universidad de La Corua', 47028049, 90, 'Philadelphia Phillies', '4');
insert into Player (player_id, draft_year, pick_number, position, p_fname, p_lname, age, college, salary, jersey_number, cur_team, team_id) values (185, 2012, 5, 'Center Field', 'Auguste', 'Roberto', 40, 'Midland Lutheran College', 29762681, 66, 'Washington Nationals', '5');
insert into Player (player_id, draft_year, pick_number, position, p_fname, p_lname, age, college, salary, jersey_number, cur_team, team_id) values (186, 2016, 216, 'Center Field', 'Clovis', 'Junifer', 37, 'Universidad Franco-Mexicana', 14548217, 11, 'Chicago Cubs', '6');
insert into Player (player_id, draft_year, pick_number, position, p_fname, p_lname, age, college, salary, jersey_number, cur_team, team_id) values (187, 2018, 63, 'Catcher', 'Darnell', 'Copper', 40, 'Universidade de Taubat', 11492804, 52, 'Cincinnati Reds', '7');
insert into Player (player_id, draft_year, pick_number, position, p_fname, p_lname, age, college, salary, jersey_number, cur_team, team_id) values (188, 2020, 73, 'First Base', 'Perceval', 'Aspinwall', 38, 'Blue Mountain College', 82136690, 1, 'Milwaukee Brewers', '8');
insert into Player (player_id, draft_year, pick_number, position, p_fname, p_lname, age, college, salary, jersey_number, cur_team, team_id) values (189, 2001, 130, 'Third Base', 'Vernice', 'Mackerness', 24, 'Royal Academy of Music', 27016956, 37, 'Pittsburgh Pirates', '9');
insert into Player (player_id, draft_year, pick_number, position, p_fname, p_lname, age, college, salary, jersey_number, cur_team, team_id) values (190, 2002, 160, 'Shortstop', 'Rayshell', 'Deniso', 25, 'Universit Mouloud Mammeri de Tizi Ouzou', 20266146, 50, 'St. Louis Cardinals', '10');
insert into Player (player_id, draft_year, pick_number, position, p_fname, p_lname, age, college, salary, jersey_number, cur_team, team_id) values (191, 2019, 173, 'Catcher', 'Tommy', 'Ballinger', 37, 'Vinnica National Technical University', 48056783, 84, 'Arizona Diamondbacks', '11');
insert into Player (player_id, draft_year, pick_number, position, p_fname, p_lname, age, college, salary, jersey_number, cur_team, team_id) values (192, 2011, 154, 'Second Base', 'Cheston', 'Whal', 26, 'Northeastern University', 75694545, 91, 'Colorado Rockies', '12');
insert into Player (player_id, draft_year, pick_number, position, p_fname, p_lname, age, college, salary, jersey_number, cur_team, team_id) values (193, 2002, 80, 'Center Field', 'Mischa', 'Sparkes', 29, 'Hebei United University', 43905030, 37, 'Los Angeles Dodgers', '13');
insert into Player (player_id, draft_year, pick_number, position, p_fname, p_lname, age, college, salary, jersey_number, cur_team, team_id) values (194, 2009, 4, 'Right Field', 'Meghan', 'McGrae', 37, 'Sinnar University', 74546790, 62, 'San Diego Padres', '14');
insert into Player (player_id, draft_year, pick_number, position, p_fname, p_lname, age, college, salary, jersey_number, cur_team, team_id) values (195, 2000, 251, 'Center Field', 'Craig', 'Kirkland', 25, 'Islamic Azad University, Lahijan', 14764254, 1, 'San Francisco Giants', '15');
insert into Player (player_id, draft_year, pick_number, position, p_fname, p_lname, age, college, salary, jersey_number, cur_team, team_id) values (196, 1998, 36, 'Catcher', 'Nye', 'Clewer', 27, 'Maharaja Ganga Singh University, Bikaner', 70704388, 58, 'Baltimore Orioles', '16');
insert into Player (player_id, draft_year, pick_number, position, p_fname, p_lname, age, college, salary, jersey_number, cur_team, team_id) values (197, 2015, 203, 'Center Field', 'Morissa', 'Thulborn', 23, 'University of Memphis', 10560484, 49, 'Boston Red Sox', '17');
insert into Player (player_id, draft_year, pick_number, position, p_fname, p_lname, age, college, salary, jersey_number, cur_team, team_id) values (198, 2017, 213, 'Second Base', 'Nestor', 'Seago', 26, 'University for Humanistics (UH)', 91919638, 61, 'New York Yankees', '18');
insert into Player (player_id, draft_year, pick_number, position, p_fname, p_lname, age, college, salary, jersey_number, cur_team, team_id) values (199, 2023, 157, 'Shortstop', 'Cass', 'Ivanets', 23, 'Taif University', 33594350, 31, 'Tampa Bay Rays', '19');
insert into Player (player_id, draft_year, pick_number, position, p_fname, p_lname, age, college, salary, jersey_number, cur_team, team_id) values (200, 1996, 4, 'Catcher', 'Randie', 'McQueen', 28, 'Westminster College New Wilmington', 17752694, 86, 'Toronto Blue Jays', '20');
insert into Player (player_id, draft_year, pick_number, position, p_fname, p_lname, age, college, salary, jersey_number, cur_team, team_id) values (201, 2019, 234, 'First Base', 'Gilli', 'Daniellot', 33, 'Otemon Gakuin University', 58243986, 40, 'Chicago White Sox', '21');
insert into Player (player_id, draft_year, pick_number, position, p_fname, p_lname, age, college, salary, jersey_number, cur_team, team_id) values (202, 2018, 117, 'Right Field', 'Moll', 'Harland', 39, 'Elmira College', 46084356, 43, 'Cleveland Guardians', '22');
insert into Player (player_id, draft_year, pick_number, position, p_fname, p_lname, age, college, salary, jersey_number, cur_team, team_id) values (203, 2018, 183, 'Third Base', 'Graehme', 'Slite', 39, 'Universidad Nacional Autnoma de Mxico', 67617623, 8, 'Detroit Tigers', '23');
insert into Player (player_id, draft_year, pick_number, position, p_fname, p_lname, age, college, salary, jersey_number, cur_team, team_id) values (204, 2015, 217, 'Pitcher', 'Nara', 'Wixon', 40, 'Catholic University of Lublin', 12861069, 51, 'Kansas City Royals', '24');
insert into Player (player_id, draft_year, pick_number, position, p_fname, p_lname, age, college, salary, jersey_number, cur_team, team_id) values (205, 2004, 268, 'Center Field', 'Shane', 'Binner', 24, 'Tottori University', 18697024, 78, 'Minnesota Twins', '25');
insert into Player (player_id, draft_year, pick_number, position, p_fname, p_lname, age, college, salary, jersey_number, cur_team, team_id) values (206, 2022, 41, 'Left Field', 'Stanton', 'Dumingos', 33, 'Oregon State University', 78610747, 72, 'Houston Astros', '26');
insert into Player (player_id, draft_year, pick_number, position, p_fname, p_lname, age, college, salary, jersey_number, cur_team, team_id) values (207, 2020, 4, 'Center Field', 'Ignaz', 'Fidelus', 29, 'Pennsylvania College of Optometry', 74364454, 34, 'Los Angeles Angels', '27');
insert into Player (player_id, draft_year, pick_number, position, p_fname, p_lname, age, college, salary, jersey_number, cur_team, team_id) values (208, 2021, 185, 'Second Base', 'Artie', 'Delnevo', 39, 'European International University', 84121702, 61, 'Oakland Athletics', '28');
insert into Player (player_id, draft_year, pick_number, position, p_fname, p_lname, age, college, salary, jersey_number, cur_team, team_id) values (209, 2005, 159, 'Right Field', 'Wynn', 'Wasiel', 19, 'Takushoku University', 71725236, 53, 'Seattle Mariners', '29');
insert into Player (player_id, draft_year, pick_number, position, p_fname, p_lname, age, college, salary, jersey_number, cur_team, team_id) values (210, 2017, 63, 'Shortstop', 'Chickie', 'Sibbert', 20, 'Universidad Centroamericana', 10510775, 12, 'Texas Rangers', '30');
insert into Player (player_id, draft_year, pick_number, position, p_fname, p_lname, age, college, salary, jersey_number, cur_team, team_id) values (211, 2012, 174, 'First Base', 'Phyllis', 'Muston', 25, 'Golestan University of Medical Sciences', 44062634, 29, 'Atlanta Braves', '1');
insert into Player (player_id, draft_year, pick_number, position, p_fname, p_lname, age, college, salary, jersey_number, cur_team, team_id) values (212, 2016, 160, 'Third Base', 'Mikael', 'Fussell', 34, 'University of Holy Quran and Islamic Siences', 13753311, 87, 'Miami Marlins', '2');
insert into Player (player_id, draft_year, pick_number, position, p_fname, p_lname, age, college, salary, jersey_number, cur_team, team_id) values (213, 1997, 116, 'Pitcher', 'Seth', 'Cale', 35, 'Ludwig-Maximilians-Universitt Mnchen', 70559663, 55, 'New York Mets', '3');
insert into Player (player_id, draft_year, pick_number, position, p_fname, p_lname, age, college, salary, jersey_number, cur_team, team_id) values (214, 2013, 206, 'Third Base', 'Dayna', 'Storm', 19, 'Universidad Nacional Daniel Alcides Carrion', 75372515, 63, 'Philadelphia Phillies', '4');
insert into Player (player_id, draft_year, pick_number, position, p_fname, p_lname, age, college, salary, jersey_number, cur_team, team_id) values (215, 2013, 79, 'Shortstop', 'Seward', 'Irnys', 37, 'Universitt Kaiserslautern', 31211967, 33, 'Washington Nationals', '5');
insert into Player (player_id, draft_year, pick_number, position, p_fname, p_lname, age, college, salary, jersey_number, cur_team, team_id) values (216, 2019, 61, 'Pitcher', 'Lawrence', 'Robichon', 32, 'Beykent University', 76540849, 54, 'Chicago Cubs', '6');
insert into Player (player_id, draft_year, pick_number, position, p_fname, p_lname, age, college, salary, jersey_number, cur_team, team_id) values (217, 2005, 271, 'First Base', 'Mabelle', 'Tilio', 18, 'Wilberforce University', 69433825, 93, 'Cincinnati Reds', '7');
insert into Player (player_id, draft_year, pick_number, position, p_fname, p_lname, age, college, salary, jersey_number, cur_team, team_id) values (218, 2021, 199, 'Center Field', 'Erastus', 'Goddard', 27, 'Universidad Nacional del Callao', 95933460, 62, 'Milwaukee Brewers', '8');
insert into Player (player_id, draft_year, pick_number, position, p_fname, p_lname, age, college, salary, jersey_number, cur_team, team_id) values (219, 2006, 112, 'First Base', 'Francisca', 'Ferrillio', 26, 'Shikoku Christian College', 52642769, 85, 'Pittsburgh Pirates', '9');
insert into Player (player_id, draft_year, pick_number, position, p_fname, p_lname, age, college, salary, jersey_number, cur_team, team_id) values (220, 2013, 89, 'Catcher', 'Shelba', 'Elcome', 23, 'Karadeniz Technical University', 5276806, 98, 'St. Louis Cardinals', '10');
insert into Player (player_id, draft_year, pick_number, position, p_fname, p_lname, age, college, salary, jersey_number, cur_team, team_id) values (221, 2007, 195, 'Second Base', 'Zachariah', 'Sibthorp', 28, 'University of Latvia', 9743283, 95, 'Arizona Diamondbacks', '11');
insert into Player (player_id, draft_year, pick_number, position, p_fname, p_lname, age, college, salary, jersey_number, cur_team, team_id) values (222, 2008, 77, 'Shortstop', 'Winifred', 'Fransseni', 24, 'Jiangxi Normal University', 96074127, 57, 'Colorado Rockies', '12');
insert into Player (player_id, draft_year, pick_number, position, p_fname, p_lname, age, college, salary, jersey_number, cur_team, team_id) values (223, 2020, 238, 'Shortstop', 'Alberta', 'Indge', 23, 'Latvian Academy of Sports Education', 47847928, 87, 'Los Angeles Dodgers', '13');
insert into Player (player_id, draft_year, pick_number, position, p_fname, p_lname, age, college, salary, jersey_number, cur_team, team_id) values (224, 2003, 212, 'Catcher', 'Victor', 'Bellward', 25, 'University College of Gvle', 9505169, 52, 'San Diego Padres', '14');
insert into Player (player_id, draft_year, pick_number, position, p_fname, p_lname, age, college, salary, jersey_number, cur_team, team_id) values (225, 2010, 89, 'Shortstop', 'Elli', 'Harries', 23, 'Kirikkale University', 55825428, 25, 'San Francisco Giants', '15');
insert into Player (player_id, draft_year, pick_number, position, p_fname, p_lname, age, college, salary, jersey_number, cur_team, team_id) values (226, 1998, 269, 'Shortstop', 'Callean', 'Cowlin', 31, 'Ndejje University', 66113626, 61, 'Baltimore Orioles', '16');
insert into Player (player_id, draft_year, pick_number, position, p_fname, p_lname, age, college, salary, jersey_number, cur_team, team_id) values (227, 2005, 169, 'Right Field', 'Valeda', 'Shrimplin', 40, 'University of Verona', 42062869, 71, 'Boston Red Sox', '17');
insert into Player (player_id, draft_year, pick_number, position, p_fname, p_lname, age, college, salary, jersey_number, cur_team, team_id) values (228, 2019, 37, 'First Base', 'Claudell', 'Grasha', 23, 'IE University', 95639199, 86, 'New York Yankees', '18');
insert into Player (player_id, draft_year, pick_number, position, p_fname, p_lname, age, college, salary, jersey_number, cur_team, team_id) values (229, 2014, 19, 'Shortstop', 'Andee', 'McGrey', 29, 'University of Tasmania', 44821710, 40, 'Tampa Bay Rays', '19');
insert into Player (player_id, draft_year, pick_number, position, p_fname, p_lname, age, college, salary, jersey_number, cur_team, team_id) values (230, 2020, 3, 'First Base', 'Ronny', 'Hurdle', 27, 'DeVry Institute of Technology, Pomona', 32497664, 40, 'Toronto Blue Jays', '20');
insert into Player (player_id, draft_year, pick_number, position, p_fname, p_lname, age, college, salary, jersey_number, cur_team, team_id) values (231, 2013, 169, 'Pitcher', 'Kellie', 'Drinkel', 23, 'Kawasaki Medical School', 88144190, 78, 'Chicago White Sox', '21');
insert into Player (player_id, draft_year, pick_number, position, p_fname, p_lname, age, college, salary, jersey_number, cur_team, team_id) values (232, 2012, 68, 'Second Base', 'Seana', 'Yearne', 31, 'Charisma University', 80836702, 56, 'Cleveland Guardians', '22');
insert into Player (player_id, draft_year, pick_number, position, p_fname, p_lname, age, college, salary, jersey_number, cur_team, team_id) values (233, 2002, 13, 'Pitcher', 'Nannie', 'Decourcy', 38, 'Central College', 79596515, 39, 'Detroit Tigers', '23');
insert into Player (player_id, draft_year, pick_number, position, p_fname, p_lname, age, college, salary, jersey_number, cur_team, team_id) values (234, 2019, 141, 'Shortstop', 'Fielding', 'Ducker', 26, 'Uganda Christian University', 2927945, 77, 'Kansas City Royals', '24');
insert into Player (player_id, draft_year, pick_number, position, p_fname, p_lname, age, college, salary, jersey_number, cur_team, team_id) values (235, 2021, 205, 'Right Field', 'Abe', 'McHale', 24, 'Lead City University of Ibadan', 27881431, 19, 'Minnesota Twins', '25');
insert into Player (player_id, draft_year, pick_number, position, p_fname, p_lname, age, college, salary, jersey_number, cur_team, team_id) values (236, 2014, 86, 'First Base', 'Lin', 'Emma', 26, 'Edison Community College', 34993658, 95, 'Houston Astros', '26');
insert into Player (player_id, draft_year, pick_number, position, p_fname, p_lname, age, college, salary, jersey_number, cur_team, team_id) values (237, 2016, 70, 'Pitcher', 'Elena', 'Jallin', 26, 'Hochschule Mittweida (FH)', 44705036, 67, 'Los Angeles Angels', '27');
insert into Player (player_id, draft_year, pick_number, position, p_fname, p_lname, age, college, salary, jersey_number, cur_team, team_id) values (238, 2014, 268, 'Catcher', 'Michaelina', 'Gask', 37, 'Independent University, Bangladesh', 9529726, 80, 'Oakland Athletics', '28');
insert into Player (player_id, draft_year, pick_number, position, p_fname, p_lname, age, college, salary, jersey_number, cur_team, team_id) values (239, 1994, 260, 'Second Base', 'Bobinette', 'Zarb', 29, 'Universit de Nice-Sophia Antipolis', 44949480, 80, 'Seattle Mariners', '29');
insert into Player (player_id, draft_year, pick_number, position, p_fname, p_lname, age, college, salary, jersey_number, cur_team, team_id) values (240, 2011, 74, 'Pitcher', 'Bliss', 'Godfery', 35, 'San Francisco State University', 63617179, 71, 'Texas Rangers', '30');
insert into Player (player_id, draft_year, pick_number, position, p_fname, p_lname, age, college, salary, jersey_number, cur_team, team_id) values (241, 2006, 269, 'Shortstop', 'Weber', 'Goodred', 40, 'Eurasia International University', 86702603, 74, 'Atlanta Braves', '1');
insert into Player (player_id, draft_year, pick_number, position, p_fname, p_lname, age, college, salary, jersey_number, cur_team, team_id) values (242, 2003, 276, 'Pitcher', 'Lila', 'Bentham3', 23, 'Universidad Tecnolgica del Centro', 36646112, 43, 'Miami Marlins', '2');
insert into Player (player_id, draft_year, pick_number, position, p_fname, p_lname, age, college, salary, jersey_number, cur_team, team_id) values (243, 2007, 80, 'Shortstop', 'Alexandrina', 'McAllan', 33, 'Chongqing Technology and Business University', 54381689, 25, 'New York Mets', '3');
insert into Player (player_id, draft_year, pick_number, position, p_fname, p_lname, age, college, salary, jersey_number, cur_team, team_id) values (244, 2016, 7, 'Shortstop', 'Mateo', 'Walters', 39, 'University of Siena', 90408076, 78, 'Philadelphia Phillies', '4');
insert into Player (player_id, draft_year, pick_number, position, p_fname, p_lname, age, college, salary, jersey_number, cur_team, team_id) values (245, 1994, 68, 'Pitcher', 'Lynn', 'Whanstall', 31, 'Univesidade Agostinho Neto', 52421384, 31, 'Washington Nationals', '5');
insert into Player (player_id, draft_year, pick_number, position, p_fname, p_lname, age, college, salary, jersey_number, cur_team, team_id) values (246, 2023, 127, 'Shortstop', 'Nerty', 'Dunk', 36, 'Indiana University-Purdue University at Fort Wayne', 76985012, 14, 'Chicago Cubs', '6');
insert into Player (player_id, draft_year, pick_number, position, p_fname, p_lname, age, college, salary, jersey_number, cur_team, team_id) values (247, 2010, 132, 'Pitcher', 'Selby', 'Easey', 38, 'Northwest Christian College', 39833329, 19, 'Cincinnati Reds', '7');
insert into Player (player_id, draft_year, pick_number, position, p_fname, p_lname, age, college, salary, jersey_number, cur_team, team_id) values (248, 2021, 82, 'Pitcher', 'Leanna', 'McInnery', 29, 'Holmes Institute', 84126125, 48, 'Milwaukee Brewers', '8');
insert into Player (player_id, draft_year, pick_number, position, p_fname, p_lname, age, college, salary, jersey_number, cur_team, team_id) values (249, 1988, 79, 'Pitcher', 'Gaile', 'Trundell', 21, 'Universidad Nacional Experimental "Simn Rodriguez"', 14513578, 54, 'Pittsburgh Pirates', '9');
insert into Player (player_id, draft_year, pick_number, position, p_fname, p_lname, age, college, salary, jersey_number, cur_team, team_id) values (250, 2004, 147, 'Shortstop', 'Siffre', 'Swatland', 20, 'Open University Malaysia', 2764147, 44, 'St. Louis Cardinals', '10');
insert into Player (player_id, draft_year, pick_number, position, p_fname, p_lname, age, college, salary, jersey_number, cur_team, team_id) values (251, 2004, 241, 'Second Base', 'Rochella', 'Carme', 27, 'University of North Dakota', 70643993, 13, 'Arizona Diamondbacks', '11');
insert into Player (player_id, draft_year, pick_number, position, p_fname, p_lname, age, college, salary, jersey_number, cur_team, team_id) values (252, 2012, 246, 'Third Base', 'Kristine', 'Lowthorpe', 33, 'Kannur University', 7602190, 95, 'Colorado Rockies', '12');
insert into Player (player_id, draft_year, pick_number, position, p_fname, p_lname, age, college, salary, jersey_number, cur_team, team_id) values (253, 2022, 10, 'First Base', 'Lulita', 'Bamborough', 20, 'Management Development Institute of Singapore, Tashkent', 16232607, 16, 'Los Angeles Dodgers', '13');
insert into Player (player_id, draft_year, pick_number, position, p_fname, p_lname, age, college, salary, jersey_number, cur_team, team_id) values (254, 2015, 60, 'Pitcher', 'Fanechka', 'McKoy', 33, 'Wesleyan College', 29399602, 90, 'San Diego Padres', '14');
insert into Player (player_id, draft_year, pick_number, position, p_fname, p_lname, age, college, salary, jersey_number, cur_team, team_id) values (255, 2008, 102, 'Second Base', 'Bradan', 'Fahy', 29, 'Chang Jung University', 53523873, 5, 'San Francisco Giants', '15');
insert into Player (player_id, draft_year, pick_number, position, p_fname, p_lname, age, college, salary, jersey_number, cur_team, team_id) values (256, 2009, 208, 'Pitcher', 'Millie', 'Montague', 27, 'International East-European University', 25132887, 90, 'Baltimore Orioles', '16');
insert into Player (player_id, draft_year, pick_number, position, p_fname, p_lname, age, college, salary, jersey_number, cur_team, team_id) values (257, 2020, 118, 'Pitcher', 'Isadore', 'Pickhaver', 35, 'Prasetiya Mulya Business School', 52547754, 6, 'Boston Red Sox', '17');
insert into Player (player_id, draft_year, pick_number, position, p_fname, p_lname, age, college, salary, jersey_number, cur_team, team_id) values (258, 2020, 158, 'Center Field', 'Farlie', 'Poxson', 27, 'Universidade Estadual do Oeste do Paran', 66994646, 5, 'New York Yankees', '18');
insert into Player (player_id, draft_year, pick_number, position, p_fname, p_lname, age, college, salary, jersey_number, cur_team, team_id) values (259, 2003, 122, 'Right Field', 'Allistir', 'Olifaunt', 21, 'Nagoya City University', 43997949, 76, 'Tampa Bay Rays', '19');
insert into Player (player_id, draft_year, pick_number, position, p_fname, p_lname, age, college, salary, jersey_number, cur_team, team_id) values (260, 1995, 241, 'Right Field', 'Guthrie', 'Kira', 31, 'University of Somalia', 86124132, 11, 'Toronto Blue Jays', '20');
insert into Player (player_id, draft_year, pick_number, position, p_fname, p_lname, age, college, salary, jersey_number, cur_team, team_id) values (261, 2004, 247, 'Shortstop', 'Otto', 'Geraudel', 25, 'Ashland University', 32320051, 79, 'Chicago White Sox', '21');
insert into Player (player_id, draft_year, pick_number, position, p_fname, p_lname, age, college, salary, jersey_number, cur_team, team_id) values (262, 2022, 257, 'Second Base', 'Joete', 'Bohman', 30, 'Nagasaki Institute of Applied Science', 37885265, 28, 'Cleveland Guardians', '22');
insert into Player (player_id, draft_year, pick_number, position, p_fname, p_lname, age, college, salary, jersey_number, cur_team, team_id) values (263, 2005, 160, 'Left Field', 'Elene', 'Bohling', 22, 'European University', 30294793, 42, 'Detroit Tigers', '23');
insert into Player (player_id, draft_year, pick_number, position, p_fname, p_lname, age, college, salary, jersey_number, cur_team, team_id) values (264, 2016, 122, 'Third Base', 'Felecia', 'Puttergill', 26, 'Dhofar University', 55007781, 77, 'Kansas City Royals', '24');
insert into Player (player_id, draft_year, pick_number, position, p_fname, p_lname, age, college, salary, jersey_number, cur_team, team_id) values (265, 2010, 89, 'Pitcher', 'Jefferson', 'Tebbitt', 31, 'University of St. Jerome''s College', 94556590, 47, 'Minnesota Twins', '25');
insert into Player (player_id, draft_year, pick_number, position, p_fname, p_lname, age, college, salary, jersey_number, cur_team, team_id) values (266, 2022, 92, 'Catcher', 'Xaviera', 'McSwan', 38, 'Point Loma Nazarene College', 60051714, 76, 'Houston Astros', '26');
insert into Player (player_id, draft_year, pick_number, position, p_fname, p_lname, age, college, salary, jersey_number, cur_team, team_id) values (267, 2005, 76, 'Third Base', 'Cleve', 'Macconaghy', 28, 'Carnegie Mellon University', 34614796, 11, 'Los Angeles Angels', '27');
insert into Player (player_id, draft_year, pick_number, position, p_fname, p_lname, age, college, salary, jersey_number, cur_team, team_id) values (268, 2001, 240, 'Third Base', 'Erinn', 'Hallut', 18, 'Fachhochschule Erfurt', 66156510, 70, 'Oakland Athletics', '28');
insert into Player (player_id, draft_year, pick_number, position, p_fname, p_lname, age, college, salary, jersey_number, cur_team, team_id) values (269, 2012, 229, 'Catcher', 'Theo', 'Edmeads', 20, 'Manuel S. Enverga University Foundation', 69278189, 46, 'Seattle Mariners', '29');
insert into Player (player_id, draft_year, pick_number, position, p_fname, p_lname, age, college, salary, jersey_number, cur_team, team_id) values (270, 2019, 207, 'Center Field', 'Michaeline', 'Stubbings', 34, 'Carlow Institute of Technology', 51465679, 49, 'Texas Rangers', '30');
insert into Player (player_id, draft_year, pick_number, position, p_fname, p_lname, age, college, salary, jersey_number, cur_team, team_id) values (271, 2007, 198, 'Shortstop', 'Leilah', 'Seignior', 23, 'Universidad San Francisco de Quito', 94379344, 63, 'Atlanta Braves', '1');
insert into Player (player_id, draft_year, pick_number, position, p_fname, p_lname, age, college, salary, jersey_number, cur_team, team_id) values (272, 2007, 257, 'Second Base', 'Jody', 'Kaas', 19, 'University of Latvia', 94941506, 57, 'Miami Marlins', '2');
insert into Player (player_id, draft_year, pick_number, position, p_fname, p_lname, age, college, salary, jersey_number, cur_team, team_id) values (273, 2012, 69, 'Center Field', 'Gerti', 'Laraway', 31, 'Odense University', 18005178, 94, 'New York Mets', '3');
insert into Player (player_id, draft_year, pick_number, position, p_fname, p_lname, age, college, salary, jersey_number, cur_team, team_id) values (274, 2011, 113, 'Second Base', 'Dorris', 'Leijs', 33, 'Franklin Pierce Law Center', 35858376, 47, 'Philadelphia Phillies', '4');
insert into Player (player_id, draft_year, pick_number, position, p_fname, p_lname, age, college, salary, jersey_number, cur_team, team_id) values (275, 2014, 271, 'Center Field', 'Dolly', 'Brach', 34, 'University of Perpetual Help', 11439798, 12, 'Washington Nationals', '5');
insert into Player (player_id, draft_year, pick_number, position, p_fname, p_lname, age, college, salary, jersey_number, cur_team, team_id) values (276, 2019, 176, 'Left Field', 'Ashia', 'Clemenson', 29, 'Open University of Cyprus', 89734088, 24, 'Chicago Cubs', '6');
insert into Player (player_id, draft_year, pick_number, position, p_fname, p_lname, age, college, salary, jersey_number, cur_team, team_id) values (277, 2006, 84, 'Third Base', 'York', 'Janauschek', 22, 'Wesley College Mississippi', 81254601, 8, 'Cincinnati Reds', '7');
insert into Player (player_id, draft_year, pick_number, position, p_fname, p_lname, age, college, salary, jersey_number, cur_team, team_id) values (278, 2011, 40, 'Center Field', 'Katrinka', 'Tuhy', 20, 'Edgewood College', 4368892, 69, 'Milwaukee Brewers', '8');
insert into Player (player_id, draft_year, pick_number, position, p_fname, p_lname, age, college, salary, jersey_number, cur_team, team_id) values (279, 2001, 99, 'Catcher', 'Heywood', 'Gue', 40, 'Claremont Graduate University', 21566922, 95, 'Pittsburgh Pirates', '9');
insert into Player (player_id, draft_year, pick_number, position, p_fname, p_lname, age, college, salary, jersey_number, cur_team, team_id) values (280, 2013, 139, 'First Base', 'Catlaina', 'Huccaby', 25, 'International University for Science & Technology ', 92536135, 53, 'St. Louis Cardinals', '10');
insert into Player (player_id, draft_year, pick_number, position, p_fname, p_lname, age, college, salary, jersey_number, cur_team, team_id) values (281, 2018, 229, 'First Base', 'Renato', 'Tongue', 22, 'Detroit College of Law', 29961134, 7, 'Arizona Diamondbacks', '11');
insert into Player (player_id, draft_year, pick_number, position, p_fname, p_lname, age, college, salary, jersey_number, cur_team, team_id) values (282, 2005, 254, 'Second Base', 'Candide', 'Maher', 28, 'University of Tartu', 33249708, 94, 'Colorado Rockies', '12');
insert into Player (player_id, draft_year, pick_number, position, p_fname, p_lname, age, college, salary, jersey_number, cur_team, team_id) values (283, 2014, 191, 'Third Base', 'Shaina', 'Jakaway', 25, 'Arab Open University, Kuwait Branch', 49731417, 95, 'Los Angeles Dodgers', '13');
insert into Player (player_id, draft_year, pick_number, position, p_fname, p_lname, age, college, salary, jersey_number, cur_team, team_id) values (284, 2010, 270, 'Catcher', 'Frank', 'Tufts', 22, 'Longwood College', 95846219, 4, 'San Diego Padres', '14');
insert into Player (player_id, draft_year, pick_number, position, p_fname, p_lname, age, college, salary, jersey_number, cur_team, team_id) values (285, 2012, 104, 'Shortstop', 'Bartram', 'Umpleby', 37, 'Saratov State Agrarian University', 75458961, 67, 'San Francisco Giants', '15');
insert into Player (player_id, draft_year, pick_number, position, p_fname, p_lname, age, college, salary, jersey_number, cur_team, team_id) values (286, 2010, 161, 'First Base', 'Myrle', 'Suett', 18, 'Central Connecticut State University', 36721663, 63, 'Baltimore Orioles', '16');
insert into Player (player_id, draft_year, pick_number, position, p_fname, p_lname, age, college, salary, jersey_number, cur_team, team_id) values (287, 2021, 72, 'Catcher', 'Giulio', 'Zorzoni', 35, 'Rhode Island School of Design', 89332514, 79, 'Boston Red Sox', '17');
insert into Player (player_id, draft_year, pick_number, position, p_fname, p_lname, age, college, salary, jersey_number, cur_team, team_id) values (288, 1997, 247, 'Third Base', 'Brewster', 'Tawse', 23, 'Pan Africa Christian University', 72903426, 56, 'New York Yankees', '18');
insert into Player (player_id, draft_year, pick_number, position, p_fname, p_lname, age, college, salary, jersey_number, cur_team, team_id) values (289, 2020, 54, 'Shortstop', 'Jenni', 'Towns', 35, 'St. Petersburg State Conservatory', 90257868, 5, 'Tampa Bay Rays', '19');
insert into Player (player_id, draft_year, pick_number, position, p_fname, p_lname, age, college, salary, jersey_number, cur_team, team_id) values (290, 2005, 91, 'Third Base', 'Delphinia', 'Ledbury', 22, 'Xinjiang Agriculture University', 64005317, 41, 'Toronto Blue Jays', '20');
insert into Player (player_id, draft_year, pick_number, position, p_fname, p_lname, age, college, salary, jersey_number, cur_team, team_id) values (291, 1975, 77, 'Pitcher', 'Ameline', 'Paula', 19, 'LSB College', 12254964, 91, 'Chicago White Sox', '21');
insert into Player (player_id, draft_year, pick_number, position, p_fname, p_lname, age, college, salary, jersey_number, cur_team, team_id) values (292, 2016, 254, 'Shortstop', 'Cleon', 'Pevsner', 20, 'Kumoh National University of Technology', 87007340, 88, 'Cleveland Guardians', '22');
insert into Player (player_id, draft_year, pick_number, position, p_fname, p_lname, age, college, salary, jersey_number, cur_team, team_id) values (293, 2018, 239, 'Shortstop', 'Caria', 'Chinnock', 38, 'Union College Kentucky', 44260908, 54, 'Detroit Tigers', '23');
insert into Player (player_id, draft_year, pick_number, position, p_fname, p_lname, age, college, salary, jersey_number, cur_team, team_id) values (294, 1979, 214, 'Shortstop', 'Gracie', 'Helliker', 20, 'Debre Markos University', 24486775, 90, 'Kansas City Royals', '24');
insert into Player (player_id, draft_year, pick_number, position, p_fname, p_lname, age, college, salary, jersey_number, cur_team, team_id) values (295, 2002, 150, 'Third Base', 'Gert', 'Detoc', 22, 'University of Electronic Science and Technology of China', 46850132, 12, 'Minnesota Twins', '25');
insert into Player (player_id, draft_year, pick_number, position, p_fname, p_lname, age, college, salary, jersey_number, cur_team, team_id) values (296, 1999, 116, 'Right Field', 'Trudi', 'Hadkins', 31, 'Jaypee Institute of Information Technology', 71732769, 29, 'Houston Astros', '26');
insert into Player (player_id, draft_year, pick_number, position, p_fname, p_lname, age, college, salary, jersey_number, cur_team, team_id) values (297, 2010, 177, 'Second Base', 'Rita', 'Banker', 24, 'Pandit Ravi Shankar Shukla University', 87673106, 98, 'Los Angeles Angels', '27');
insert into Player (player_id, draft_year, pick_number, position, p_fname, p_lname, age, college, salary, jersey_number, cur_team, team_id) values (298, 2005, 131, 'Center Field', 'Enriqueta', 'Dablin', 40, 'Universit Bordeaux I', 85817014, 55, 'Oakland Athletics', '28');
insert into Player (player_id, draft_year, pick_number, position, p_fname, p_lname, age, college, salary, jersey_number, cur_team, team_id) values (299, 2017, 194, 'Shortstop', 'Ciro', 'Wherrit', 38, 'Buddhist Acamedy of China', 17524206, 38, 'Seattle Mariners', '29');
insert into Player (player_id, draft_year, pick_number, position, p_fname, p_lname, age, college, salary, jersey_number, cur_team, team_id) values (300, 2011, 92, 'First Base', 'Hilario', 'Cockrell', 35, 'Centro Universitario Ixtlahuaca', 4760951, 60, 'Texas Rangers', '30');

-- Player Stats

insert into Player_Stats (player_id, player_stat_id, rbi, hits, ks, whip, slg, obs, era, bat_avg, games_played) values ('1', 1, 8, 23, 62, 2.14, 0.66, 0.083, 7.96, 0.191, 27);
insert into Player_Stats (player_id, player_stat_id, rbi, hits, ks, whip, slg, obs, era, bat_avg, games_played) values ('2', 2, 79, 41, 48, 3.8, 0.021, 0.373, 5.55, 0.59, 16);
insert into Player_Stats (player_id, player_stat_id, rbi, hits, ks, whip, slg, obs, era, bat_avg, games_played) values ('3', 3, 23, 37, 91, 0.63, 0.626, 0.268, 3.97, 0.135, 7);
insert into Player_Stats (player_id, player_stat_id, rbi, hits, ks, whip, slg, obs, era, bat_avg, games_played) values ('4', 4, 80, 56, 45, 1.55, 0.241, 0.015, 7.85, 0.246, 24);
insert into Player_Stats (player_id, player_stat_id, rbi, hits, ks, whip, slg, obs, era, bat_avg, games_played) values ('5', 5, 92, 22, 59, 4.57, 0.345, 0.904, 8.99, 0.869, 5);
insert into Player_Stats (player_id, player_stat_id, rbi, hits, ks, whip, slg, obs, era, bat_avg, games_played) values ('6', 6, 6, 45, 62, 4.23, 0.273, 0.646, 8.95, 0.654, 69);
insert into Player_Stats (player_id, player_stat_id, rbi, hits, ks, whip, slg, obs, era, bat_avg, games_played) values ('7', 7, 95, 84, 51, 1.32, 0.832, 0.19, 2.32, 0.637, 68);
insert into Player_Stats (player_id, player_stat_id, rbi, hits, ks, whip, slg, obs, era, bat_avg, games_played) values ('8', 8, 14, 41, 56, 0.04, 0.175, 0.021, 7.31, 0.916, 57);
insert into Player_Stats (player_id, player_stat_id, rbi, hits, ks, whip, slg, obs, era, bat_avg, games_played) values ('9', 9, 22, 89, 88, 1.86, 0.248, 0.172, 7.51, 0.493, 51);
insert into Player_Stats (player_id, player_stat_id, rbi, hits, ks, whip, slg, obs, era, bat_avg, games_played) values ('10', 10, 62, 98, 1, 2.18, 0.362, 0.034, 6.22, 0.77, 43);
insert into Player_Stats (player_id, player_stat_id, rbi, hits, ks, whip, slg, obs, era, bat_avg, games_played) values ('11', 11, 7, 81, 31, 1.93, 0.021, 0.814, 4.21, 0.719, 55);
insert into Player_Stats (player_id, player_stat_id, rbi, hits, ks, whip, slg, obs, era, bat_avg, games_played) values ('12', 12, 99, 12, 61, 2.88, 0.653, 0.505, 5.46, 0.779, 25);
insert into Player_Stats (player_id, player_stat_id, rbi, hits, ks, whip, slg, obs, era, bat_avg, games_played) values ('13', 13, 50, 20, 97, 3.41, 0.357, .964, 3.38, 0.257, 10);
insert into Player_Stats (player_id, player_stat_id, rbi, hits, ks, whip, slg, obs, era, bat_avg, games_played) values ('14', 14, 8, 88, 20, 4.84, 0.049, 0.992, 4.39, 0.78, 62);
insert into Player_Stats (player_id, player_stat_id, rbi, hits, ks, whip, slg, obs, era, bat_avg, games_played) values ('15', 15, 72, 19, 85, 3.44, 0.82, 0.101, 2.93, 0.39, 12);
insert into Player_Stats (player_id, player_stat_id, rbi, hits, ks, whip, slg, obs, era, bat_avg, games_played) values ('16', 16, 94, 23, 66, 4.38, 0.131, 0.584, 1.32, 0.402, 7);
insert into Player_Stats (player_id, player_stat_id, rbi, hits, ks, whip, slg, obs, era, bat_avg, games_played) values ('17', 17, 15, 79, 96, 4.38, 0.247, 0.623, 2.69, 0.013, 12);
insert into Player_Stats (player_id, player_stat_id, rbi, hits, ks, whip, slg, obs, era, bat_avg, games_played) values ('18', 18, 75, 93, 90, 0.44, 0.173, 0.401, 3.16, 0.41, 18);
insert into Player_Stats (player_id, player_stat_id, rbi, hits, ks, whip, slg, obs, era, bat_avg, games_played) values ('19', 19, 90, 79, 29, 1.55, 0.237, 0.6, 8.87, 0.352, 59);
insert into Player_Stats (player_id, player_stat_id, rbi, hits, ks, whip, slg, obs, era, bat_avg, games_played) values ('20', 20, 9, 57, 84, 3.98, 0.706, 0.548, 3.74, 0.459, 55);
insert into Player_Stats (player_id, player_stat_id, rbi, hits, ks, whip, slg, obs, era, bat_avg, games_played) values ('21', 21, 80, 22, 38, 1.21, 0.953, 0.413, 3.13, 0.149, 1);
insert into Player_Stats (player_id, player_stat_id, rbi, hits, ks, whip, slg, obs, era, bat_avg, games_played) values ('22', 22, 91, 78, 94, 1.22, 0.193, 0.275, 0.62, 0.07, 45);
insert into Player_Stats (player_id, player_stat_id, rbi, hits, ks, whip, slg, obs, era, bat_avg, games_played) values ('23', 23, 6, 22, 12, 1.28, 0.013, 0.14, 1.88, 0.664, 20);
insert into Player_Stats (player_id, player_stat_id, rbi, hits, ks, whip, slg, obs, era, bat_avg, games_played) values ('24', 24, 83, 16, 62, 4.17, 0.675, 0.549, 0.43, 0.811, 1);
insert into Player_Stats (player_id, player_stat_id, rbi, hits, ks, whip, slg, obs, era, bat_avg, games_played) values ('25', 25, 42, 50, 10, 3.66, 0.849, 0.687, 1.29, 0.711, 23);
insert into Player_Stats (player_id, player_stat_id, rbi, hits, ks, whip, slg, obs, era, bat_avg, games_played) values ('26', 26, 94, 4, 44, 2.22, 0.629, 0.932, 8.62, 0.53, 56);
insert into Player_Stats (player_id, player_stat_id, rbi, hits, ks, whip, slg, obs, era, bat_avg, games_played) values ('27', 27, 23, 78, 54, 1.58, 0.853, 0.989, 4.07, 0.886, 28);
insert into Player_Stats (player_id, player_stat_id, rbi, hits, ks, whip, slg, obs, era, bat_avg, games_played) values ('28', 28, 49, 32, 25, 1.94, 0.105, 0.353, 8.18, 0.625, 59);
insert into Player_Stats (player_id, player_stat_id, rbi, hits, ks, whip, slg, obs, era, bat_avg, games_played) values ('29', 29, 85, 44, 18, 0.69, 0.322, 0.39, 6.3, 0.698, 56);
insert into Player_Stats (player_id, player_stat_id, rbi, hits, ks, whip, slg, obs, era, bat_avg, games_played) values ('30', 30, 17, 34, 41, 1.92, 0.745, 0.872, 1.38, 0.656, 2);
insert into Player_Stats (player_id, player_stat_id, rbi, hits, ks, whip, slg, obs, era, bat_avg, games_played) values ('31', 31, 74, 15, 18, 1.88, 0.928, 0.248, 5.01, 0.249, 49);
insert into Player_Stats (player_id, player_stat_id, rbi, hits, ks, whip, slg, obs, era, bat_avg, games_played) values ('32', 32, 30, 36, 79, 2.0, 0.06, 0.305, 8.46, 0.553, 4);
insert into Player_Stats (player_id, player_stat_id, rbi, hits, ks, whip, slg, obs, era, bat_avg, games_played) values ('33', 33, 54, 98, 47, 3.76, 0.306, 0.698, 3.72, 0.981, 52);
insert into Player_Stats (player_id, player_stat_id, rbi, hits, ks, whip, slg, obs, era, bat_avg, games_played) values ('34', 34, 68, 84, 1, 1.79, 0.175, 0.138, 5.09, 0.764, 61);
insert into Player_Stats (player_id, player_stat_id, rbi, hits, ks, whip, slg, obs, era, bat_avg, games_played) values ('35', 35, 16, 3, 29, 2.71, 0.211, 0.398, 8.44, 0.403, 50);
insert into Player_Stats (player_id, player_stat_id, rbi, hits, ks, whip, slg, obs, era, bat_avg, games_played) values ('36', 36, 45, 99, 90, 2.97, 0.842, 0.26, 0.85, 0.842, 27);
insert into Player_Stats (player_id, player_stat_id, rbi, hits, ks, whip, slg, obs, era, bat_avg, games_played) values ('37', 37, 62, 12, 51, 4.2, 0.777, 0.006, 3.79, 0.725, 22);
insert into Player_Stats (player_id, player_stat_id, rbi, hits, ks, whip, slg, obs, era, bat_avg, games_played) values ('38', 38, 89, 12, 86, 4.42, 0.323, 0.199, 0.2, 0.165, 64);
insert into Player_Stats (player_id, player_stat_id, rbi, hits, ks, whip, slg, obs, era, bat_avg, games_played) values ('39', 39, 7, 65, 72, 4.28, 0.79, 0.735, 0.07, 0.463, 45);
insert into Player_Stats (player_id, player_stat_id, rbi, hits, ks, whip, slg, obs, era, bat_avg, games_played) values ('40', 40, 25, 99, 16, 3.79, 0.975, 0.715, 2.81, 0.839, 56);
insert into Player_Stats (player_id, player_stat_id, rbi, hits, ks, whip, slg, obs, era, bat_avg, games_played) values ('41', 41, 91, 16, 40, 2.25, 0.423, 0.978, 6.12, 0.609, 51);
insert into Player_Stats (player_id, player_stat_id, rbi, hits, ks, whip, slg, obs, era, bat_avg, games_played) values ('42', 42, 28, 60, 96, 3.44, 0.408, 0.357, 1.1, 0.017, 20);
insert into Player_Stats (player_id, player_stat_id, rbi, hits, ks, whip, slg, obs, era, bat_avg, games_played) values ('43', 43, 95, 54, 50, 4.98, 0.907, 0.635, 0.4, 0.201, 24);
insert into Player_Stats (player_id, player_stat_id, rbi, hits, ks, whip, slg, obs, era, bat_avg, games_played) values ('44', 44, 46, 90, 7, 2.67, 0.014, 0.81, 5.27, 0.696, 38);
insert into Player_Stats (player_id, player_stat_id, rbi, hits, ks, whip, slg, obs, era, bat_avg, games_played) values ('45', 45, 35, 0, 27, 1.81, 0.117, 0.685, 3.44, 0.348, 24);
insert into Player_Stats (player_id, player_stat_id, rbi, hits, ks, whip, slg, obs, era, bat_avg, games_played) values ('46', 46, 15, 23, 43, 4.47, 0.666, 0.123, 7.35, 0.838, 7);
insert into Player_Stats (player_id, player_stat_id, rbi, hits, ks, whip, slg, obs, era, bat_avg, games_played) values ('47', 47, 91, 80, 92, 3.08, 0.529, 0.491, 5.73, 0.35, 0);
insert into Player_Stats (player_id, player_stat_id, rbi, hits, ks, whip, slg, obs, era, bat_avg, games_played) values ('48', 48, 86, 30, 59, 3.09, 0.618, 0.335, 3.38, 0.615, 27);
insert into Player_Stats (player_id, player_stat_id, rbi, hits, ks, whip, slg, obs, era, bat_avg, games_played) values ('49', 49, 57, 13, 28, 0.63, 0.998, 0.787, 0.92, 0.183, 68);
insert into Player_Stats (player_id, player_stat_id, rbi, hits, ks, whip, slg, obs, era, bat_avg, games_played) values ('50', 50, 22, 76, 57, 2.16, 0.524, 0.709, 3.87, 0.195, 60);
insert into Player_Stats (player_id, player_stat_id, rbi, hits, ks, whip, slg, obs, era, bat_avg, games_played) values ('51', 51, 63, 91, 87, 3.99, 0.675, 0.432, 3.12, 0.859, 50);
insert into Player_Stats (player_id, player_stat_id, rbi, hits, ks, whip, slg, obs, era, bat_avg, games_played) values ('52', 52, 80, 11, 67, 3.13, 0.326, 0.213, 2.1, 0.342, 65);
insert into Player_Stats (player_id, player_stat_id, rbi, hits, ks, whip, slg, obs, era, bat_avg, games_played) values ('53', 53, 23, 84, 25, 0.58, 0.661, 0.7, 7.01, 0.136, 28);
insert into Player_Stats (player_id, player_stat_id, rbi, hits, ks, whip, slg, obs, era, bat_avg, games_played) values ('54', 54, 81, 98, 32, 4.18, 0.573, 0.283, 1.32, 0.032, 52);
insert into Player_Stats (player_id, player_stat_id, rbi, hits, ks, whip, slg, obs, era, bat_avg, games_played) values ('55', 55, 38, 63, 5, 1.33, 0.931, 0.722, 7.29, 0.141, 11);
insert into Player_Stats (player_id, player_stat_id, rbi, hits, ks, whip, slg, obs, era, bat_avg, games_played) values ('56', 56, 56, 80, 23, 4.51, 0.999, 0.418, 1.82, 0.041, 41);
insert into Player_Stats (player_id, player_stat_id, rbi, hits, ks, whip, slg, obs, era, bat_avg, games_played) values ('57', 57, 50, 67, 100, 4.79, 0.975, 0.329, 7.39, 0.339, 10);
insert into Player_Stats (player_id, player_stat_id, rbi, hits, ks, whip, slg, obs, era, bat_avg, games_played) values ('58', 58, 41, 36, 68, 3.01, 0.517, 0.276, 2.54, 0.483, 47);
insert into Player_Stats (player_id, player_stat_id, rbi, hits, ks, whip, slg, obs, era, bat_avg, games_played) values ('59', 59, 56, 27, 60, 4.24, 0.103, 0.995, 2.68, 0.841, 27);
insert into Player_Stats (player_id, player_stat_id, rbi, hits, ks, whip, slg, obs, era, bat_avg, games_played) values ('60', 60, 77, 73, 1, 4.28, 0.475, 0.907, 3.64, 0.948, 32);
insert into Player_Stats (player_id, player_stat_id, rbi, hits, ks, whip, slg, obs, era, bat_avg, games_played) values ('61', 61, 79, 10, 39, 4.79, 0.566, 0.193, 5.56, 0.568, 61);
insert into Player_Stats (player_id, player_stat_id, rbi, hits, ks, whip, slg, obs, era, bat_avg, games_played) values ('62', 62, 24, 77, 6, 0.85, 0.63, 0.238, 8.98, 0.092, 71);
insert into Player_Stats (player_id, player_stat_id, rbi, hits, ks, whip, slg, obs, era, bat_avg, games_played) values ('63', 63, 88, 78, 42, 1.1, 0.032, 0.306, 8.39, 0.221, 1);
insert into Player_Stats (player_id, player_stat_id, rbi, hits, ks, whip, slg, obs, era, bat_avg, games_played) values ('64', 64, 12, 91, 46, 4.82, 0.331, 0.888, 3.09, 0.021, 53);
insert into Player_Stats (player_id, player_stat_id, rbi, hits, ks, whip, slg, obs, era, bat_avg, games_played) values ('65', 65, 7, 52, 75, 4.95, 0.656, 0.269, 9.0, 0.837, 63);
insert into Player_Stats (player_id, player_stat_id, rbi, hits, ks, whip, slg, obs, era, bat_avg, games_played) values ('66', 66, 32, 82, 71, 3.58, 0.483, 0.598, 7.32, 0.557, 4);
insert into Player_Stats (player_id, player_stat_id, rbi, hits, ks, whip, slg, obs, era, bat_avg, games_played) values ('67', 67, 13, 32, 54, 1.3, 0.893, 0.549, 5.88, 0.294, 42);
insert into Player_Stats (player_id, player_stat_id, rbi, hits, ks, whip, slg, obs, era, bat_avg, games_played) values ('68', 68, 16, 3, 5, 0.33, 0.934, 0.963, 6.92, 0.32, 55);
insert into Player_Stats (player_id, player_stat_id, rbi, hits, ks, whip, slg, obs, era, bat_avg, games_played) values ('69', 69, 51, 21, 11, 0.42, 0.348, 0.559, 1.71, 0.149, 20);
insert into Player_Stats (player_id, player_stat_id, rbi, hits, ks, whip, slg, obs, era, bat_avg, games_played) values ('70', 70, 49, 16, 3, 2.42, 0.406, 0.219, 1.0, 0.913, 52);
insert into Player_Stats (player_id, player_stat_id, rbi, hits, ks, whip, slg, obs, era, bat_avg, games_played) values ('71', 71, 37, 37, 50, 1.55, 0.697, 0.525, 7.9, 0.58, 27);
insert into Player_Stats (player_id, player_stat_id, rbi, hits, ks, whip, slg, obs, era, bat_avg, games_played) values ('72', 72, 89, 12, 33, 1.62, 0.888, 0.479, 2.55, 0.042, 31);
insert into Player_Stats (player_id, player_stat_id, rbi, hits, ks, whip, slg, obs, era, bat_avg, games_played) values ('73', 73, 35, 47, 4, 2.39, 0.806, 0.674, 8.46, 0.086, 66);
insert into Player_Stats (player_id, player_stat_id, rbi, hits, ks, whip, slg, obs, era, bat_avg, games_played) values ('74', 74, 36, 76, 7, 2.08, 0.708, 0.129, 8.59, 0.005, 28);
insert into Player_Stats (player_id, player_stat_id, rbi, hits, ks, whip, slg, obs, era, bat_avg, games_played) values ('75', 75, 59, 26, 80, 3.49, 0.67, 0.949, 5.33, 0.225, 5);
insert into Player_Stats (player_id, player_stat_id, rbi, hits, ks, whip, slg, obs, era, bat_avg, games_played) values ('76', 76, 48, 34, 81, 1.99, 0.133, 0.951, 3.3, 0.618, 65);
insert into Player_Stats (player_id, player_stat_id, rbi, hits, ks, whip, slg, obs, era, bat_avg, games_played) values ('77', 77, 32, 15, 98, 3.45, 0.374, 0.443, 4.06, 0.945, 41);
insert into Player_Stats (player_id, player_stat_id, rbi, hits, ks, whip, slg, obs, era, bat_avg, games_played) values ('78', 78, 36, 10, 3, 0.87, 0.73, 0.501, 8.98, 0.529, 36);
insert into Player_Stats (player_id, player_stat_id, rbi, hits, ks, whip, slg, obs, era, bat_avg, games_played) values ('79', 79, 2, 30, 45, 4.69, 0.302, 0.237, 8.34, 0.025, 46);
insert into Player_Stats (player_id, player_stat_id, rbi, hits, ks, whip, slg, obs, era, bat_avg, games_played) values ('80', 80, 42, 4, 55, 3.0, 0.498, 0.067, 1.9, 0.048, 36);
insert into Player_Stats (player_id, player_stat_id, rbi, hits, ks, whip, slg, obs, era, bat_avg, games_played) values ('81', 81, 25, 37, 84, 2.58, 0.855, 0.157, 3.82, 0.567, 37);
insert into Player_Stats (player_id, player_stat_id, rbi, hits, ks, whip, slg, obs, era, bat_avg, games_played) values ('82', 82, 24, 87, 23, 2.35, 0.294, 0.17, 8.41, 0.656, 43);
insert into Player_Stats (player_id, player_stat_id, rbi, hits, ks, whip, slg, obs, era, bat_avg, games_played) values ('83', 83, 4, 80, 50, 1.08, 0.247, 0.506, 0.48, 0.845, 21);
insert into Player_Stats (player_id, player_stat_id, rbi, hits, ks, whip, slg, obs, era, bat_avg, games_played) values ('84', 84, 93, 73, 18, 0.52, 0.36, 0.848, 8.52, 0.935, 37);
insert into Player_Stats (player_id, player_stat_id, rbi, hits, ks, whip, slg, obs, era, bat_avg, games_played) values ('85', 85, 96, 5, 66, 1.64, 0.176, 0.243, 1.07, 0.148, 62);
insert into Player_Stats (player_id, player_stat_id, rbi, hits, ks, whip, slg, obs, era, bat_avg, games_played) values ('86', 86, 19, 23, 63, 2.9, 0.279, 0.067, 1.67, 0.601, 63);
insert into Player_Stats (player_id, player_stat_id, rbi, hits, ks, whip, slg, obs, era, bat_avg, games_played) values ('87', 87, 47, 34, 25, 0.44, 0.073, 0.737, 3.82, 0.364, 13);
insert into Player_Stats (player_id, player_stat_id, rbi, hits, ks, whip, slg, obs, era, bat_avg, games_played) values ('88', 88, 59, 91, 97, 3.62, 0.712, 0.056, 5.01, 0.853, 25);
insert into Player_Stats (player_id, player_stat_id, rbi, hits, ks, whip, slg, obs, era, bat_avg, games_played) values ('89', 89, 71, 70, 78, 1.95, 0.426, 0.635, 3.35, 0.711, 53);
insert into Player_Stats (player_id, player_stat_id, rbi, hits, ks, whip, slg, obs, era, bat_avg, games_played) values ('90', 90, 52, 6, 62, 0.85, 0.901, 0.482, 6.55, 0.071, 30);
insert into Player_Stats (player_id, player_stat_id, rbi, hits, ks, whip, slg, obs, era, bat_avg, games_played) values ('91', 91, 69, 99, 4, 3.77, 0.495, 0.09, 5.81, 0.707, 33);
insert into Player_Stats (player_id, player_stat_id, rbi, hits, ks, whip, slg, obs, era, bat_avg, games_played) values ('92', 92, 24, 82, 13, 3.24, 0.715, 0.814, 1.22, 0.26, 32);
insert into Player_Stats (player_id, player_stat_id, rbi, hits, ks, whip, slg, obs, era, bat_avg, games_played) values ('93', 93, 74, 24, 1, 2.49, 0.308, 0.114, 5.86, 0.344, 45);
insert into Player_Stats (player_id, player_stat_id, rbi, hits, ks, whip, slg, obs, era, bat_avg, games_played) values ('94', 94, 31, 14, 81, 2.11, 0.44, 0.841, 6.69, 0.929, 43);
insert into Player_Stats (player_id, player_stat_id, rbi, hits, ks, whip, slg, obs, era, bat_avg, games_played) values ('95', 95, 37, 88, 52, 2.83, 0.805, 0.987, 0.49, 0.722, 6);
insert into Player_Stats (player_id, player_stat_id, rbi, hits, ks, whip, slg, obs, era, bat_avg, games_played) values ('96', 96, 34, 45, 7, 4.84, 0.08, 0.922, 8.68, 0.086, 33);
insert into Player_Stats (player_id, player_stat_id, rbi, hits, ks, whip, slg, obs, era, bat_avg, games_played) values ('97', 97, 48, 48, 19, 2.58, 0.515, 0.128, 2.12, 0.351, 35);
insert into Player_Stats (player_id, player_stat_id, rbi, hits, ks, whip, slg, obs, era, bat_avg, games_played) values ('98', 98, 2, 63, 6, 4.19, 0.713, 0.367, 8.19, 0.067, 55);
insert into Player_Stats (player_id, player_stat_id, rbi, hits, ks, whip, slg, obs, era, bat_avg, games_played) values ('99', 99, 49, 63, 30, 0.91, 0.288, 0.627, 1.43, 0.138, 31);
insert into Player_Stats (player_id, player_stat_id, rbi, hits, ks, whip, slg, obs, era, bat_avg, games_played) values ('100', 100, 2, 53, 82, 0.58, 0.067, 0.98, 3.92, 0.186, 41);
insert into Player_Stats (player_id, player_stat_id, rbi, hits, ks, whip, slg, obs, era, bat_avg, games_played) values ('101', 101, 25, 92, 33, 2.83, 0.777, 0.517, 7.81, 0.819, 51);
insert into Player_Stats (player_id, player_stat_id, rbi, hits, ks, whip, slg, obs, era, bat_avg, games_played) values ('102', 102, 92, 19, 14, 0.73, 0.302, 0.874, 3.46, 0.751, 65);
insert into Player_Stats (player_id, player_stat_id, rbi, hits, ks, whip, slg, obs, era, bat_avg, games_played) values ('103', 103, 4, 4, 55, 2.87, 0.606, 0.878, 6.92, 0.821, 10);
insert into Player_Stats (player_id, player_stat_id, rbi, hits, ks, whip, slg, obs, era, bat_avg, games_played) values ('104', 104, 31, 26, 61, 1.99, 0.524, 0.608, 7.22, 0.613, 57);
insert into Player_Stats (player_id, player_stat_id, rbi, hits, ks, whip, slg, obs, era, bat_avg, games_played) values ('105', 105, 99, 81, 79, 3.23, 0.937, 0.564, 4.91, 0.589, 18);
insert into Player_Stats (player_id, player_stat_id, rbi, hits, ks, whip, slg, obs, era, bat_avg, games_played) values ('106', 106, 18, 91, 42, 4.88, 0.1, 0.071, 2.66, 0.602, 46);
insert into Player_Stats (player_id, player_stat_id, rbi, hits, ks, whip, slg, obs, era, bat_avg, games_played) values ('107', 107, 58, 12, 54, 3.69, 0.546, 0.455, 0.48, 0.426, 57);
insert into Player_Stats (player_id, player_stat_id, rbi, hits, ks, whip, slg, obs, era, bat_avg, games_played) values ('108', 108, 85, 81, 18, 2.9, 0.156, 0.154, 8.24, 0.228, 32);
insert into Player_Stats (player_id, player_stat_id, rbi, hits, ks, whip, slg, obs, era, bat_avg, games_played) values ('109', 109, 90, 72, 23, 0.72, 0.963, 0.499, 0.3, 0.253, 71);
insert into Player_Stats (player_id, player_stat_id, rbi, hits, ks, whip, slg, obs, era, bat_avg, games_played) values ('110', 110, 89, 32, 27, 1.18, 0.712, 0.836, 5.22, 0.479, 74);
insert into Player_Stats (player_id, player_stat_id, rbi, hits, ks, whip, slg, obs, era, bat_avg, games_played) values ('111', 111, 48, 1, 98, 3.77, 0.461, 0.73, 1.87, 0.065, 29);
insert into Player_Stats (player_id, player_stat_id, rbi, hits, ks, whip, slg, obs, era, bat_avg, games_played) values ('112', 112, 15, 85, 22, 0.56, 0.312, 0.764, 6.76, 0.589, 53);
insert into Player_Stats (player_id, player_stat_id, rbi, hits, ks, whip, slg, obs, era, bat_avg, games_played) values ('113', 113, 67, 30, 86, 1.74, 0.832, 0.684, 3.05, 0.465, 24);
insert into Player_Stats (player_id, player_stat_id, rbi, hits, ks, whip, slg, obs, era, bat_avg, games_played) values ('114', 114, 88, 21, 80, 4.56, 0.02, 0.997, 5.91, 0.618, 54);
insert into Player_Stats (player_id, player_stat_id, rbi, hits, ks, whip, slg, obs, era, bat_avg, games_played) values ('115', 115, 2, 96, 68, 0.81, 0.647, 0.304, 5.09, 0.263, 12);
insert into Player_Stats (player_id, player_stat_id, rbi, hits, ks, whip, slg, obs, era, bat_avg, games_played) values ('116', 116, 61, 49, 33, 2.3, 0.182, 0.036, 4.06, 0.836, 31);
insert into Player_Stats (player_id, player_stat_id, rbi, hits, ks, whip, slg, obs, era, bat_avg, games_played) values ('117', 117, 40, 6, 88, 0.71, 0.042, 0.299, 8.1, 0.119, 26);
insert into Player_Stats (player_id, player_stat_id, rbi, hits, ks, whip, slg, obs, era, bat_avg, games_played) values ('118', 118, 55, 49, 63, 1.01, 0.881, 0.805, 4.23, 0.511, 30);
insert into Player_Stats (player_id, player_stat_id, rbi, hits, ks, whip, slg, obs, era, bat_avg, games_played) values ('119', 119, 8, 93, 31, 4.05, 0.289, 0.794, 8.3, 0.524, 6);
insert into Player_Stats (player_id, player_stat_id, rbi, hits, ks, whip, slg, obs, era, bat_avg, games_played) values ('120', 120, 82, 91, 4, 2.87, 0.715, 0.1, 6.23, 0.395, 3);
insert into Player_Stats (player_id, player_stat_id, rbi, hits, ks, whip, slg, obs, era, bat_avg, games_played) values ('121', 121, 62, 6, 63, 2.16, 0.625, 0.112, 7.03, 0.494, 21);
insert into Player_Stats (player_id, player_stat_id, rbi, hits, ks, whip, slg, obs, era, bat_avg, games_played) values ('122', 122, 11, 55, 70, 4.62, 0.631, 0.861, 1.79, 0.443, 64);
insert into Player_Stats (player_id, player_stat_id, rbi, hits, ks, whip, slg, obs, era, bat_avg, games_played) values ('123', 123, 55, 63, 74, 0.87, 0.21, 0.754, 3.33, 0.943, 37);
insert into Player_Stats (player_id, player_stat_id, rbi, hits, ks, whip, slg, obs, era, bat_avg, games_played) values ('124', 124, 55, 95, 28, 0.01, 0.953, 0.825, 4.68, 0.111, 19);
insert into Player_Stats (player_id, player_stat_id, rbi, hits, ks, whip, slg, obs, era, bat_avg, games_played) values ('125', 125, 63, 27, 20, 2.49, 0.21, 0.8, 8.01, 0.078, 24);
insert into Player_Stats (player_id, player_stat_id, rbi, hits, ks, whip, slg, obs, era, bat_avg, games_played) values ('126', 126, 79, 4, 63, 0.04, 0.737, 0.316, 0.27, 0.772, 43);
insert into Player_Stats (player_id, player_stat_id, rbi, hits, ks, whip, slg, obs, era, bat_avg, games_played) values ('127', 127, 59, 35, 100, 3.64, 0.893, 0.802, 0.4, 0.36, 48);
insert into Player_Stats (player_id, player_stat_id, rbi, hits, ks, whip, slg, obs, era, bat_avg, games_played) values ('128', 128, 37, 71, 43, 1.09, 0.119, 0.619, 3.02, 0.153, 49);
insert into Player_Stats (player_id, player_stat_id, rbi, hits, ks, whip, slg, obs, era, bat_avg, games_played) values ('129', 129, 28, 54, 47, 2.19, 0.231, 0.673, 6.64, 0.342, 36);
insert into Player_Stats (player_id, player_stat_id, rbi, hits, ks, whip, slg, obs, era, bat_avg, games_played) values ('130', 130, 7, 83, 86, 4.96, 0.02, 0.058, 3.36, 0.102, 15);
insert into Player_Stats (player_id, player_stat_id, rbi, hits, ks, whip, slg, obs, era, bat_avg, games_played) values ('131', 131, 77, 35, 14, 3.8, 0.773, 0.179, 8.21, 0.295, 27);
insert into Player_Stats (player_id, player_stat_id, rbi, hits, ks, whip, slg, obs, era, bat_avg, games_played) values ('132', 132, 81, 54, 56, 4.88, 0.725, 0.253, 3.58, 0.034, 70);
insert into Player_Stats (player_id, player_stat_id, rbi, hits, ks, whip, slg, obs, era, bat_avg, games_played) values ('133', 133, 45, 67, 48, 1.05, 0.404, 0.598, 8.07, 0.222, 46);
insert into Player_Stats (player_id, player_stat_id, rbi, hits, ks, whip, slg, obs, era, bat_avg, games_played) values ('134', 134, 60, 41, 62, 2.01, 0.425, 0.539, 8.5, 0.95, 4);
insert into Player_Stats (player_id, player_stat_id, rbi, hits, ks, whip, slg, obs, era, bat_avg, games_played) values ('135', 135, 33, 46, 58, 0.55, 0.929, 0.243, 6.98, 0.559, 27);
insert into Player_Stats (player_id, player_stat_id, rbi, hits, ks, whip, slg, obs, era, bat_avg, games_played) values ('136', 136, 25, 70, 14, 0.49, 0.136, 0.899, 3.6, 0.894, 61);
insert into Player_Stats (player_id, player_stat_id, rbi, hits, ks, whip, slg, obs, era, bat_avg, games_played) values ('137', 137, 65, 59, 72, 3.47, 0.663, 0.766, 4.4, 0.431, 70);
insert into Player_Stats (player_id, player_stat_id, rbi, hits, ks, whip, slg, obs, era, bat_avg, games_played) values ('138', 138, 39, 36, 26, 2.71, 0.513, 0.279, 4.58, 0.727, 60);
insert into Player_Stats (player_id, player_stat_id, rbi, hits, ks, whip, slg, obs, era, bat_avg, games_played) values ('139', 139, 7, 34, 22, 2.97, 0.041, 0.276, 8.31, 0.404, 48);
insert into Player_Stats (player_id, player_stat_id, rbi, hits, ks, whip, slg, obs, era, bat_avg, games_played) values ('140', 140, 2, 54, 37, 4.44, 0.713, 0.398, 2.12, 0.715, 61);
insert into Player_Stats (player_id, player_stat_id, rbi, hits, ks, whip, slg, obs, era, bat_avg, games_played) values ('141', 141, 46, 15, 52, 0.78, 0.976, 0.549, 7.03, 0.71, 0);
insert into Player_Stats (player_id, player_stat_id, rbi, hits, ks, whip, slg, obs, era, bat_avg, games_played) values ('142', 142, 83, 31, 29, 2.17, 0.45, 0.302, 8.54, 0.899, 16);
insert into Player_Stats (player_id, player_stat_id, rbi, hits, ks, whip, slg, obs, era, bat_avg, games_played) values ('143', 143, 47, 95, 69, 2.43, 0.635, 0.501, 4.94, 0.21, 25);
insert into Player_Stats (player_id, player_stat_id, rbi, hits, ks, whip, slg, obs, era, bat_avg, games_played) values ('144', 144, 9, 82, 67, 0.93, 0.259, 0.016, 3.94, 0.886, 2);
insert into Player_Stats (player_id, player_stat_id, rbi, hits, ks, whip, slg, obs, era, bat_avg, games_played) values ('145', 145, 21, 84, 42, 1.6, 0.948, 0.659, 0.81, 0.574, 23);
insert into Player_Stats (player_id, player_stat_id, rbi, hits, ks, whip, slg, obs, era, bat_avg, games_played) values ('146', 146, 97, 47, 56, 0.18, 0.212, 0.016, 6.06, 0.223, 28);
insert into Player_Stats (player_id, player_stat_id, rbi, hits, ks, whip, slg, obs, era, bat_avg, games_played) values ('147', 147, 24, 80, 49, 0.62, 0.397, 0.728, 8.41, 0.897, 71);
insert into Player_Stats (player_id, player_stat_id, rbi, hits, ks, whip, slg, obs, era, bat_avg, games_played) values ('148', 148, 23, 44, 69, 3.66, 0.95, 0.154, 0.72, 0.999, 16);
insert into Player_Stats (player_id, player_stat_id, rbi, hits, ks, whip, slg, obs, era, bat_avg, games_played) values ('149', 149, 74, 26, 42, 2.04, 0.461, 0.041, 8.39, 0.899, 47);
insert into Player_Stats (player_id, player_stat_id, rbi, hits, ks, whip, slg, obs, era, bat_avg, games_played) values ('150', 150, 50, 34, 94, 1.3, 0.236, 0.717, 1.51, 0.093, 71);
insert into Player_Stats (player_id, player_stat_id, rbi, hits, ks, whip, slg, obs, era, bat_avg, games_played) values ('151', 151, 85, 81, 79, 0.46, 0.998, 0.719, 5.01, 0.172, 0);
insert into Player_Stats (player_id, player_stat_id, rbi, hits, ks, whip, slg, obs, era, bat_avg, games_played) values ('152', 152, 45, 13, 97, 4.33, 0.022, 0.339, 3.73, 0.865, 48);
insert into Player_Stats (player_id, player_stat_id, rbi, hits, ks, whip, slg, obs, era, bat_avg, games_played) values ('153', 153, 92, 64, 56, 0.27, 0.076, 0.376, 1.84, 0.171, 17);
insert into Player_Stats (player_id, player_stat_id, rbi, hits, ks, whip, slg, obs, era, bat_avg, games_played) values ('154', 154, 38, 10, 64, 0.55, 0.588, 0.537, 1.33, 0.461, 30);
insert into Player_Stats (player_id, player_stat_id, rbi, hits, ks, whip, slg, obs, era, bat_avg, games_played) values ('155', 155, 54, 73, 76, 4.35, 0.118, 0.205, 8.99, 0.316, 25);
insert into Player_Stats (player_id, player_stat_id, rbi, hits, ks, whip, slg, obs, era, bat_avg, games_played) values ('156', 156, 100, 55, 24, 1.11, 0.818, 0.522, 5.69, 0.081, 42);
insert into Player_Stats (player_id, player_stat_id, rbi, hits, ks, whip, slg, obs, era, bat_avg, games_played) values ('157', 157, 21, 77, 56, 4.81, 0.406, 0.429, 5.34, 0.244, 73);
insert into Player_Stats (player_id, player_stat_id, rbi, hits, ks, whip, slg, obs, era, bat_avg, games_played) values ('158', 158, 71, 75, 46, 3.99, 0.556, 0.23, 0.76, 0.931, 59);
insert into Player_Stats (player_id, player_stat_id, rbi, hits, ks, whip, slg, obs, era, bat_avg, games_played) values ('159', 159, 57, 82, 39, 2.77, 0.955, 0.643, 5.56, 0.499, 40);
insert into Player_Stats (player_id, player_stat_id, rbi, hits, ks, whip, slg, obs, era, bat_avg, games_played) values ('160', 160, 10, 13, 51, 0.61, 0.001, 0.378, 1.2, 0.804, 51);
insert into Player_Stats (player_id, player_stat_id, rbi, hits, ks, whip, slg, obs, era, bat_avg, games_played) values ('161', 161, 26, 50, 34, 0.4, 0.459, 0.117, 3.08, 0.764, 43);
insert into Player_Stats (player_id, player_stat_id, rbi, hits, ks, whip, slg, obs, era, bat_avg, games_played) values ('162', 162, 90, 54, 39, 2.14, 0.681, 0.269, 0.98, 0.102, 7);
insert into Player_Stats (player_id, player_stat_id, rbi, hits, ks, whip, slg, obs, era, bat_avg, games_played) values ('163', 163, 63, 29, 74, 1.48, 0.43, 0.675, 7.07, 0.663, 14);
insert into Player_Stats (player_id, player_stat_id, rbi, hits, ks, whip, slg, obs, era, bat_avg, games_played) values ('164', 164, 75, 32, 98, 0.05, 0.096, 0.035, 4.17, 0.45, 62);
insert into Player_Stats (player_id, player_stat_id, rbi, hits, ks, whip, slg, obs, era, bat_avg, games_played) values ('165', 165, 23, 23, 84, 4.58, 0.803, 0.174, 0.35, 0.914, 44);
insert into Player_Stats (player_id, player_stat_id, rbi, hits, ks, whip, slg, obs, era, bat_avg, games_played) values ('166', 166, 38, 92, 26, 4.5, 0.958, 0.634, 8.22, 0.527, 54);
insert into Player_Stats (player_id, player_stat_id, rbi, hits, ks, whip, slg, obs, era, bat_avg, games_played) values ('167', 167, 18, 18, 35, 0.14, 0.847, 0.73, 3.94, 0.561, 48);
insert into Player_Stats (player_id, player_stat_id, rbi, hits, ks, whip, slg, obs, era, bat_avg, games_played) values ('168', 168, 42, 99, 100, 1.94, 0.966, 0.73, 1.13, 0.834, 38);
insert into Player_Stats (player_id, player_stat_id, rbi, hits, ks, whip, slg, obs, era, bat_avg, games_played) values ('169', 169, 49, 76, 40, 4.17, 0.762, 0.686, 1.19, 0.316, 40);
insert into Player_Stats (player_id, player_stat_id, rbi, hits, ks, whip, slg, obs, era, bat_avg, games_played) values ('170', 170, 61, 43, 36, 2.8, 0.448, 0.83, 4.95, 0.228, 60);
insert into Player_Stats (player_id, player_stat_id, rbi, hits, ks, whip, slg, obs, era, bat_avg, games_played) values ('171', 171, 63, 3, 63, 4.22, 0.806, 0.877, 8.63, 0.703, 13);
insert into Player_Stats (player_id, player_stat_id, rbi, hits, ks, whip, slg, obs, era, bat_avg, games_played) values ('172', 172, 35, 49, 86, 3.4, 0.627, 0.758, 6.15, 0.192, 59);
insert into Player_Stats (player_id, player_stat_id, rbi, hits, ks, whip, slg, obs, era, bat_avg, games_played) values ('173', 173, 3, 23, 37, 0.22, 0.284, 0.064, 3.64, 0.109, 4);
insert into Player_Stats (player_id, player_stat_id, rbi, hits, ks, whip, slg, obs, era, bat_avg, games_played) values ('174', 174, 72, 59, 7, 0.61, 0.629, 0.827, 1.11, 0.591, 57);
insert into Player_Stats (player_id, player_stat_id, rbi, hits, ks, whip, slg, obs, era, bat_avg, games_played) values ('175', 175, 99, 9, 0, 4.46, 0.408, 0.055, 1.88, 0.361, 5);
insert into Player_Stats (player_id, player_stat_id, rbi, hits, ks, whip, slg, obs, era, bat_avg, games_played) values ('176', 176, 80, 89, 56, 4.63, 0.767, 0.173, 7.57, 0.082, 7);
insert into Player_Stats (player_id, player_stat_id, rbi, hits, ks, whip, slg, obs, era, bat_avg, games_played) values ('177', 177, 56, 68, 70, 2.07, 0.228, 0.165, 0.88, 0.036, 70);
insert into Player_Stats (player_id, player_stat_id, rbi, hits, ks, whip, slg, obs, era, bat_avg, games_played) values ('178', 178, 50, 25, 30, 1.82, 0.036, 0.019, 5.39, 0.465, 47);
insert into Player_Stats (player_id, player_stat_id, rbi, hits, ks, whip, slg, obs, era, bat_avg, games_played) values ('179', 179, 37, 6, 79, 0.7, 0.236, 0.142, 4.58, 0.653, 68);
insert into Player_Stats (player_id, player_stat_id, rbi, hits, ks, whip, slg, obs, era, bat_avg, games_played) values ('180', 180, 98, 86, 88, 4.87, 0.458, 0.872, 1.56, 0.703, 49);
insert into Player_Stats (player_id, player_stat_id, rbi, hits, ks, whip, slg, obs, era, bat_avg, games_played) values ('181', 181, 67, 0, 19, 3.23, 0.635, 0.056, 5.32, 0.561, 47);
insert into Player_Stats (player_id, player_stat_id, rbi, hits, ks, whip, slg, obs, era, bat_avg, games_played) values ('182', 182, 2, 58, 66, 1.48, 0.102, 0.248, 1.64, 0.397, 23);
insert into Player_Stats (player_id, player_stat_id, rbi, hits, ks, whip, slg, obs, era, bat_avg, games_played) values ('183', 183, 37, 35, 43, 2.96, 0.624, 0.837, 1.32, 0.303, 19);
insert into Player_Stats (player_id, player_stat_id, rbi, hits, ks, whip, slg, obs, era, bat_avg, games_played) values ('184', 184, 15, 53, 87, 2.43, 0.831, 0.263, 6.7, 0.589, 43);
insert into Player_Stats (player_id, player_stat_id, rbi, hits, ks, whip, slg, obs, era, bat_avg, games_played) values ('185', 185, 87, 9, 73, 4.52, 0.966, 0.043, 6.39, 0.372, 15);
insert into Player_Stats (player_id, player_stat_id, rbi, hits, ks, whip, slg, obs, era, bat_avg, games_played) values ('186', 186, 14, 33, 26, 3.92, 0.333, 0.081, 6.8, 0.497, 51);
insert into Player_Stats (player_id, player_stat_id, rbi, hits, ks, whip, slg, obs, era, bat_avg, games_played) values ('187', 187, 73, 5, 88, 2.47, 0.058, 0.868, 2.53, 0.916, 45);
insert into Player_Stats (player_id, player_stat_id, rbi, hits, ks, whip, slg, obs, era, bat_avg, games_played) values ('188', 188, 12, 96, 69, 0.58, 0.034, 0.168, 5.59, 0.519, 61);
insert into Player_Stats (player_id, player_stat_id, rbi, hits, ks, whip, slg, obs, era, bat_avg, games_played) values ('189', 189, 76, 90, 29, 4.22, 0.526, 0.009, 4.16, 0.319, 61);
insert into Player_Stats (player_id, player_stat_id, rbi, hits, ks, whip, slg, obs, era, bat_avg, games_played) values ('190', 190, 41, 41, 17, 2.62, 0.309, 0.57, 3.27, 0.581, 67);
insert into Player_Stats (player_id, player_stat_id, rbi, hits, ks, whip, slg, obs, era, bat_avg, games_played) values ('191', 191, 90, 37, 55, 2.37, 0.207, 0.53, 8.75, 0.201, 59);
insert into Player_Stats (player_id, player_stat_id, rbi, hits, ks, whip, slg, obs, era, bat_avg, games_played) values ('192', 192, 67, 17, 29, 1.65, 0.339, 0.505, 6.43, 0.793, 40);
insert into Player_Stats (player_id, player_stat_id, rbi, hits, ks, whip, slg, obs, era, bat_avg, games_played) values ('193', 193, 99, 41, 25, 4.15, 0.658, 0.507, 0.61, 0.997, 27);
insert into Player_Stats (player_id, player_stat_id, rbi, hits, ks, whip, slg, obs, era, bat_avg, games_played) values ('194', 194, 10, 73, 46, 3.13, 0.507, 0.195, 8.21, 0.394, 75);
insert into Player_Stats (player_id, player_stat_id, rbi, hits, ks, whip, slg, obs, era, bat_avg, games_played) values ('195', 195, 62, 74, 54, 4.31, 0.223, 0.905, 0.32, 0.721, 13);
insert into Player_Stats (player_id, player_stat_id, rbi, hits, ks, whip, slg, obs, era, bat_avg, games_played) values ('196', 196, 0, 25, 68, 0.2, 0.023, 0.713, 1.16, 0.832, 36);
insert into Player_Stats (player_id, player_stat_id, rbi, hits, ks, whip, slg, obs, era, bat_avg, games_played) values ('197', 197, 30, 38, 72, 1.17, 0.467, 0.337, 2.11, 0.474, 10);
insert into Player_Stats (player_id, player_stat_id, rbi, hits, ks, whip, slg, obs, era, bat_avg, games_played) values ('198', 198, 39, 94, 49, 3.67, 0.615, 0.578, 7.65, 0.666, 2);
insert into Player_Stats (player_id, player_stat_id, rbi, hits, ks, whip, slg, obs, era, bat_avg, games_played) values ('199', 199, 78, 0, 45, 1.03, 0.194, 0.463, 0.59, 0.88, 4);
insert into Player_Stats (player_id, player_stat_id, rbi, hits, ks, whip, slg, obs, era, bat_avg, games_played) values ('200', 200, 98, 33, 59, 0.19, 0.373, 0.755, 7.43, 0.833, 47);
insert into Player_Stats (player_id, player_stat_id, rbi, hits, ks, whip, slg, obs, era, bat_avg, games_played) values ('201', 201, 45, 84, 52, 4.9, 0.47, 0.608, 5.51, 0.87, 2);
insert into Player_Stats (player_id, player_stat_id, rbi, hits, ks, whip, slg, obs, era, bat_avg, games_played) values ('202', 202, 5, 98, 56, 4.08, 0.255, 0.457, 2.68, 0.482, 63);
insert into Player_Stats (player_id, player_stat_id, rbi, hits, ks, whip, slg, obs, era, bat_avg, games_played) values ('203', 203, 40, 89, 53, 2.72, 0.473, 0.793, 4.09, 0.695, 55);
insert into Player_Stats (player_id, player_stat_id, rbi, hits, ks, whip, slg, obs, era, bat_avg, games_played) values ('204', 204, 43, 45, 94, 1.4, 0.131, 0.686, 6.5, 0.883, 48);
insert into Player_Stats (player_id, player_stat_id, rbi, hits, ks, whip, slg, obs, era, bat_avg, games_played) values ('205', 205, 100, 75, 50, 3.22, 0.262, 0.065, 5.62, 0.116, 48);
insert into Player_Stats (player_id, player_stat_id, rbi, hits, ks, whip, slg, obs, era, bat_avg, games_played) values ('206', 206, 16, 73, 43, 4.39, 0.406, 0.803, 2.44, 0.053, 27);
insert into Player_Stats (player_id, player_stat_id, rbi, hits, ks, whip, slg, obs, era, bat_avg, games_played) values ('207', 207, 24, 32, 19, 0.71, 0.021, 0.076, 1.87, 0.864, 5);
insert into Player_Stats (player_id, player_stat_id, rbi, hits, ks, whip, slg, obs, era, bat_avg, games_played) values ('208', 208, 10, 41, 98, 0.63, 0.934, 0.913, 4.97, 0.522, 10);
insert into Player_Stats (player_id, player_stat_id, rbi, hits, ks, whip, slg, obs, era, bat_avg, games_played) values ('209', 209, 28, 92, 44, 4.96, 0.986, 0.935, 4.44, 0.44, 60);
insert into Player_Stats (player_id, player_stat_id, rbi, hits, ks, whip, slg, obs, era, bat_avg, games_played) values ('210', 210, 79, 17, 37, 3.03, 0.305, 0.684, 7.02, 0.745, 66);
insert into Player_Stats (player_id, player_stat_id, rbi, hits, ks, whip, slg, obs, era, bat_avg, games_played) values ('211', 211, 16, 84, 97, 2.64, 0.776, 0.073, 2.83, 0.341, 11);
insert into Player_Stats (player_id, player_stat_id, rbi, hits, ks, whip, slg, obs, era, bat_avg, games_played) values ('212', 212, 21, 41, 29, 1.14, 0.142, 0.169, 3.99, 0.517, 52);
insert into Player_Stats (player_id, player_stat_id, rbi, hits, ks, whip, slg, obs, era, bat_avg, games_played) values ('213', 213, 99, 12, 55, 4.3, 0.05, 0.131, 4.17, 0.273, 24);
insert into Player_Stats (player_id, player_stat_id, rbi, hits, ks, whip, slg, obs, era, bat_avg, games_played) values ('214', 214, 7, 39, 11, 0.12, 0.937, 0.326, 8.19, 0.084, 75);
insert into Player_Stats (player_id, player_stat_id, rbi, hits, ks, whip, slg, obs, era, bat_avg, games_played) values ('215', 215, 31, 99, 90, 3.96, 0.913, 0.693, 7.26, 0.023, 5);
insert into Player_Stats (player_id, player_stat_id, rbi, hits, ks, whip, slg, obs, era, bat_avg, games_played) values ('216', 216, 21, 89, 8, 4.6, 0.633, 0.915, 1.4, 0.296, 7);
insert into Player_Stats (player_id, player_stat_id, rbi, hits, ks, whip, slg, obs, era, bat_avg, games_played) values ('217', 217, 93, 26, 13, 1.48, 0.381, 0.002, 6.39, 0.514, 18);
insert into Player_Stats (player_id, player_stat_id, rbi, hits, ks, whip, slg, obs, era, bat_avg, games_played) values ('218', 218, 31, 6, 11, 1.16, 0.031, 0.878, 5.97, 0.518, 64);
insert into Player_Stats (player_id, player_stat_id, rbi, hits, ks, whip, slg, obs, era, bat_avg, games_played) values ('219', 219, 76, 47, 90, 2.45, 0.906, 0.593, 3.24, 0.648, 54);
insert into Player_Stats (player_id, player_stat_id, rbi, hits, ks, whip, slg, obs, era, bat_avg, games_played) values ('220', 220, 14, 6, 52, 0.03, 0.978, 0.563, 1.83, 0.175, 25);
insert into Player_Stats (player_id, player_stat_id, rbi, hits, ks, whip, slg, obs, era, bat_avg, games_played) values ('221', 221, 92, 94, 80, 4.94, 0.108, 0.968, 7.81, 0.201, 59);
insert into Player_Stats (player_id, player_stat_id, rbi, hits, ks, whip, slg, obs, era, bat_avg, games_played) values ('222', 222, 50, 69, 49, 3.9, 0.167, 0.627, 1.91, 0.719, 25);
insert into Player_Stats (player_id, player_stat_id, rbi, hits, ks, whip, slg, obs, era, bat_avg, games_played) values ('223', 223, 52, 77, 81, 3.13, 0.501, 0.507, 7.41, 0.873, 26);
insert into Player_Stats (player_id, player_stat_id, rbi, hits, ks, whip, slg, obs, era, bat_avg, games_played) values ('224', 224, 65, 98, 62, 1.65, 0.299, 0.274, 4.92, 0.202, 6);
insert into Player_Stats (player_id, player_stat_id, rbi, hits, ks, whip, slg, obs, era, bat_avg, games_played) values ('225', 225, 2, 30, 53, 4.29, 0.106, 0.381, 0.59, 0.323, 64);
insert into Player_Stats (player_id, player_stat_id, rbi, hits, ks, whip, slg, obs, era, bat_avg, games_played) values ('226', 226, 83, 77, 69, 1.58, 0.097, 0.953, 3.53, 0.755, 64);
insert into Player_Stats (player_id, player_stat_id, rbi, hits, ks, whip, slg, obs, era, bat_avg, games_played) values ('227', 227, 57, 67, 61, 2.41, 0.248, 0.67, 0.96, 0.0, 46);
insert into Player_Stats (player_id, player_stat_id, rbi, hits, ks, whip, slg, obs, era, bat_avg, games_played) values ('228', 228, 22, 94, 74, 4.34, 0.381, 0.655, 0.44, 0.736, 47);
insert into Player_Stats (player_id, player_stat_id, rbi, hits, ks, whip, slg, obs, era, bat_avg, games_played) values ('229', 229, 34, 69, 29, 3.78, 0.665, 0.602, 0.83, 0.664, 35);
insert into Player_Stats (player_id, player_stat_id, rbi, hits, ks, whip, slg, obs, era, bat_avg, games_played) values ('230', 230, 54, 28, 16, 2.87, 0.793, 0.981, 0.7, 0.629, 73);
insert into Player_Stats (player_id, player_stat_id, rbi, hits, ks, whip, slg, obs, era, bat_avg, games_played) values ('231', 231, 38, 93, 94, 3.68, 0.478, 0.695, 3.57, 0.553, 21);
insert into Player_Stats (player_id, player_stat_id, rbi, hits, ks, whip, slg, obs, era, bat_avg, games_played) values ('232', 232, 65, 89, 3, 2.78, 0.645, 0.246, 7.23, 0.594, 15);
insert into Player_Stats (player_id, player_stat_id, rbi, hits, ks, whip, slg, obs, era, bat_avg, games_played) values ('233', 233, 32, 48, 75, 2.3, 0.788, 0.806, 6.31, 0.916, 54);
insert into Player_Stats (player_id, player_stat_id, rbi, hits, ks, whip, slg, obs, era, bat_avg, games_played) values ('234', 234, 48, 9, 97, 1.43, 0.209, 0.698, 7.9, 0.753, 73);
insert into Player_Stats (player_id, player_stat_id, rbi, hits, ks, whip, slg, obs, era, bat_avg, games_played) values ('235', 235, 87, 70, 1, 3.32, 0.703, 0.221, 7.0, 0.948, 70);
insert into Player_Stats (player_id, player_stat_id, rbi, hits, ks, whip, slg, obs, era, bat_avg, games_played) values ('236', 236, 84, 81, 57, 4.78, 0.78, 0.779, 5.58, 0.705, 37);
insert into Player_Stats (player_id, player_stat_id, rbi, hits, ks, whip, slg, obs, era, bat_avg, games_played) values ('237', 237, 10, 7, 91, 4.21, 0.928, 0.683, 1.34, 0.687, 0);
insert into Player_Stats (player_id, player_stat_id, rbi, hits, ks, whip, slg, obs, era, bat_avg, games_played) values ('238', 238, 86, 16, 64, 2.73, 0.157, 0.398, 2.27, 0.95, 74);
insert into Player_Stats (player_id, player_stat_id, rbi, hits, ks, whip, slg, obs, era, bat_avg, games_played) values ('239', 239, 11, 72, 8, 4.91, 0.862, 0.743, 6.27, 0.227, 44);
insert into Player_Stats (player_id, player_stat_id, rbi, hits, ks, whip, slg, obs, era, bat_avg, games_played) values ('240', 240, 48, 69, 99, 2.92, 0.479, 0.014, 0.53, 0.493, 3);
insert into Player_Stats (player_id, player_stat_id, rbi, hits, ks, whip, slg, obs, era, bat_avg, games_played) values ('241', 241, 29, 46, 74, 3.64, 0.064, 0.363, 1.54, 0.077, 68);
insert into Player_Stats (player_id, player_stat_id, rbi, hits, ks, whip, slg, obs, era, bat_avg, games_played) values ('242', 242, 13, 75, 72, 4.49, 0.213, 0.354, 1.54, 0.225, 38);
insert into Player_Stats (player_id, player_stat_id, rbi, hits, ks, whip, slg, obs, era, bat_avg, games_played) values ('243', 243, 88, 70, 94, 0.93, 0.755, 0.888, 6.39, 0.228, 13);
insert into Player_Stats (player_id, player_stat_id, rbi, hits, ks, whip, slg, obs, era, bat_avg, games_played) values ('244', 244, 7, 44, 63, 4.19, 0.165, 0.813, 0.71, 0.038, 65);
insert into Player_Stats (player_id, player_stat_id, rbi, hits, ks, whip, slg, obs, era, bat_avg, games_played) values ('245', 245, 72, 19, 52, 1.62, 0.974, 0.205, 5.91, 0.399, 16);
insert into Player_Stats (player_id, player_stat_id, rbi, hits, ks, whip, slg, obs, era, bat_avg, games_played) values ('246', 246, 94, 59, 4, 3.87, 0.311, 0.377, 0.11, 0.149, 14);
insert into Player_Stats (player_id, player_stat_id, rbi, hits, ks, whip, slg, obs, era, bat_avg, games_played) values ('247', 247, 76, 21, 64, 4.85, 0.937, 0.721, 1.08, 0.224, 75);
insert into Player_Stats (player_id, player_stat_id, rbi, hits, ks, whip, slg, obs, era, bat_avg, games_played) values ('248', 248, 97, 8, 0, 3.79, 0.584, 0.07, 1.7, 0.443, 65);
insert into Player_Stats (player_id, player_stat_id, rbi, hits, ks, whip, slg, obs, era, bat_avg, games_played) values ('249', 249, 69, 25, 3, 1.69, 0.17, 0.42, 1.07, 0.978, 54);
insert into Player_Stats (player_id, player_stat_id, rbi, hits, ks, whip, slg, obs, era, bat_avg, games_played) values ('250', 250, 38, 41, 86, 2.88, 0.756, 0.589, 8.51, 0.467, 58);
insert into Player_Stats (player_id, player_stat_id, rbi, hits, ks, whip, slg, obs, era, bat_avg, games_played) values ('251', 251, 65, 25, 42, 2.68, 0.518, 0.551, 8.04, 0.59, 50);
insert into Player_Stats (player_id, player_stat_id, rbi, hits, ks, whip, slg, obs, era, bat_avg, games_played) values ('252', 252, 97, 5, 36, 0.7, 0.179, 0.275, 2.83, 0.661, 59);
insert into Player_Stats (player_id, player_stat_id, rbi, hits, ks, whip, slg, obs, era, bat_avg, games_played) values ('253', 253, 83, 46, 69, 3.72, 0.471, 0.079, 2.64, 0.865, 12);
insert into Player_Stats (player_id, player_stat_id, rbi, hits, ks, whip, slg, obs, era, bat_avg, games_played) values ('254', 254, 86, 83, 95, 1.58, 0.555, 0.555, 8.69, 0.07, 4);
insert into Player_Stats (player_id, player_stat_id, rbi, hits, ks, whip, slg, obs, era, bat_avg, games_played) values ('255', 255, 98, 6, 6, 4.0, 0.656, 0.933, 2.81, 0.535, 66);
insert into Player_Stats (player_id, player_stat_id, rbi, hits, ks, whip, slg, obs, era, bat_avg, games_played) values ('256', 256, 69, 54, 21, 3.97, 0.131, 0.93, 8.18, 0.812, 18);
insert into Player_Stats (player_id, player_stat_id, rbi, hits, ks, whip, slg, obs, era, bat_avg, games_played) values ('257', 257, 41, 11, 92, 0.94, 0.645, 0.745, 7.47, 0.057, 10);
insert into Player_Stats (player_id, player_stat_id, rbi, hits, ks, whip, slg, obs, era, bat_avg, games_played) values ('258', 258, 86, 12, 0, 3.83, 0.911, 0.167, 6.21, 0.426, 39);
insert into Player_Stats (player_id, player_stat_id, rbi, hits, ks, whip, slg, obs, era, bat_avg, games_played) values ('259', 259, 71, 37, 72, 4.56, 0.933, 0.052, 4.88, 0.095, 23);
insert into Player_Stats (player_id, player_stat_id, rbi, hits, ks, whip, slg, obs, era, bat_avg, games_played) values ('260', 260, 47, 88, 92, 4.18, 0.68, 0.996, 4.41, 0.774, 10);
insert into Player_Stats (player_id, player_stat_id, rbi, hits, ks, whip, slg, obs, era, bat_avg, games_played) values ('261', 261, 71, 49, 72, 1.96, 0.313, 0.985, 3.18, 0.389, 3);
insert into Player_Stats (player_id, player_stat_id, rbi, hits, ks, whip, slg, obs, era, bat_avg, games_played) values ('262', 262, 90, 42, 26, 3.84, 0.207, 0.48, 8.77, 0.762, 16);
insert into Player_Stats (player_id, player_stat_id, rbi, hits, ks, whip, slg, obs, era, bat_avg, games_played) values ('263', 263, 71, 37, 34, 2.06, 0.726, 0.909, 1.55, 0.492, 69);
insert into Player_Stats (player_id, player_stat_id, rbi, hits, ks, whip, slg, obs, era, bat_avg, games_played) values ('264', 264, 19, 59, 76, 2.09, 0.756, 0.896, 4.45, 0.445, 1);
insert into Player_Stats (player_id, player_stat_id, rbi, hits, ks, whip, slg, obs, era, bat_avg, games_played) values ('265', 265, 42, 76, 72, 0.84, 0.031, 0.518, 8.02, 0.066, 49);
insert into Player_Stats (player_id, player_stat_id, rbi, hits, ks, whip, slg, obs, era, bat_avg, games_played) values ('266', 266, 49, 12, 91, 3.89, 0.652, 0.852, 3.95, 0.397, 10);
insert into Player_Stats (player_id, player_stat_id, rbi, hits, ks, whip, slg, obs, era, bat_avg, games_played) values ('267', 267, 31, 79, 82, 1.13, 0.279, 0.574, 7.42, 0.179, 20);
insert into Player_Stats (player_id, player_stat_id, rbi, hits, ks, whip, slg, obs, era, bat_avg, games_played) values ('268', 268, 52, 41, 21, 1.27, 0.311, 0.338, 8.71, 0.548, 11);
insert into Player_Stats (player_id, player_stat_id, rbi, hits, ks, whip, slg, obs, era, bat_avg, games_played) values ('269', 269, 81, 56, 26, 0.84, 0.016, 0.513, 6.67, 0.521, 68);
insert into Player_Stats (player_id, player_stat_id, rbi, hits, ks, whip, slg, obs, era, bat_avg, games_played) values ('270', 270, 59, 15, 42, 4.96, 0.218, 0.385, 4.42, 0.27, 63);
insert into Player_Stats (player_id, player_stat_id, rbi, hits, ks, whip, slg, obs, era, bat_avg, games_played) values ('271', 271, 47, 64, 66, 4.14, 0.029, 0.662, 7.42, 0.431, 10);
insert into Player_Stats (player_id, player_stat_id, rbi, hits, ks, whip, slg, obs, era, bat_avg, games_played) values ('272', 272, 5, 33, 65, 2.99, 0.584, 0.281, 4.74, 0.761, 65);
insert into Player_Stats (player_id, player_stat_id, rbi, hits, ks, whip, slg, obs, era, bat_avg, games_played) values ('273', 273, 98, 80, 43, 3.03, 0.778, 0.272, 6.52, 0.623, 44);
insert into Player_Stats (player_id, player_stat_id, rbi, hits, ks, whip, slg, obs, era, bat_avg, games_played) values ('274', 274, 65, 4, 12, 1.47, 0.078, 0.372, 3.86, 0.084, 70);
insert into Player_Stats (player_id, player_stat_id, rbi, hits, ks, whip, slg, obs, era, bat_avg, games_played) values ('275', 275, 76, 59, 43, 3.53, 0.751, 0.84, 7.45, 0.627, 41);
insert into Player_Stats (player_id, player_stat_id, rbi, hits, ks, whip, slg, obs, era, bat_avg, games_played) values ('276', 276, 95, 19, 2, 3.0, 0.878, 0.326, 7.04, 0.643, 63);
insert into Player_Stats (player_id, player_stat_id, rbi, hits, ks, whip, slg, obs, era, bat_avg, games_played) values ('277', 277, 18, 52, 40, 3.76, 0.121, 0.953, 6.3, 0.74, 62);
insert into Player_Stats (player_id, player_stat_id, rbi, hits, ks, whip, slg, obs, era, bat_avg, games_played) values ('278', 278, 36, 30, 31, 1.28, 0.417, 0.219, 3.13, 0.503, 5);
insert into Player_Stats (player_id, player_stat_id, rbi, hits, ks, whip, slg, obs, era, bat_avg, games_played) values ('279', 279, 59, 52, 6, 0.78, 0.343, 0.708, 1.42, 0.459, 19);
insert into Player_Stats (player_id, player_stat_id, rbi, hits, ks, whip, slg, obs, era, bat_avg, games_played) values ('280', 280, 58, 7, 6, 0.49, 0.022, 0.698, 2.69, 0.123, 56);
insert into Player_Stats (player_id, player_stat_id, rbi, hits, ks, whip, slg, obs, era, bat_avg, games_played) values ('281', 281, 42, 73, 96, 1.8, 0.285, 0.739, 4.96, 0.614, 25);
insert into Player_Stats (player_id, player_stat_id, rbi, hits, ks, whip, slg, obs, era, bat_avg, games_played) values ('282', 282, 80, 85, 48, 2.37, 0.267, 0.776, 2.25, 0.453, 44);
insert into Player_Stats (player_id, player_stat_id, rbi, hits, ks, whip, slg, obs, era, bat_avg, games_played) values ('283', 283, 4, 56, 67, 4.03, 0.384, 0.89, 1.82, 0.526, 35);
insert into Player_Stats (player_id, player_stat_id, rbi, hits, ks, whip, slg, obs, era, bat_avg, games_played) values ('284', 284, 39, 49, 93, 2.51, 0.953, 0.046, 0.98, 0.442, 35);
insert into Player_Stats (player_id, player_stat_id, rbi, hits, ks, whip, slg, obs, era, bat_avg, games_played) values ('285', 285, 88, 18, 33, 4.89, 0.506, 0.857, 4.12, 0.953, 34);
insert into Player_Stats (player_id, player_stat_id, rbi, hits, ks, whip, slg, obs, era, bat_avg, games_played) values ('286', 286, 5, 63, 72, 0.77, 0.057, 0.492, 0.32, 0.739, 43);
insert into Player_Stats (player_id, player_stat_id, rbi, hits, ks, whip, slg, obs, era, bat_avg, games_played) values ('287', 287, 85, 25, 30, 4.1, 0.775, 0.31, 1.22, 0.025, 59);
insert into Player_Stats (player_id, player_stat_id, rbi, hits, ks, whip, slg, obs, era, bat_avg, games_played) values ('288', 288, 36, 90, 100, 4.94, 0.932, 0.969, 6.99, 0.763, 67);
insert into Player_Stats (player_id, player_stat_id, rbi, hits, ks, whip, slg, obs, era, bat_avg, games_played) values ('289', 289, 78, 49, 30, 3.08, 0.601, 0.187, 5.81, 0.775, 33);
insert into Player_Stats (player_id, player_stat_id, rbi, hits, ks, whip, slg, obs, era, bat_avg, games_played) values ('290', 290, 66, 79, 98, 3.9, 0.96, 0.782, 6.5, 0.887, 2);
insert into Player_Stats (player_id, player_stat_id, rbi, hits, ks, whip, slg, obs, era, bat_avg, games_played) values ('291', 291, 53, 47, 40, 0.61, 0.137, 0.36, 4.76, 0.314, 54);
insert into Player_Stats (player_id, player_stat_id, rbi, hits, ks, whip, slg, obs, era, bat_avg, games_played) values ('292', 292, 8, 28, 40, 1.13, 0.748, 0.707, 8.9, 0.676, 20);
insert into Player_Stats (player_id, player_stat_id, rbi, hits, ks, whip, slg, obs, era, bat_avg, games_played) values ('293', 293, 34, 32, 44, 4.8, 0.569, 0.896, 6.95, 0.714, 52);
insert into Player_Stats (player_id, player_stat_id, rbi, hits, ks, whip, slg, obs, era, bat_avg, games_played) values ('294', 294, 90, 74, 80, 3.14, 0.529, 0.792, 5.59, 0.083, 21);
insert into Player_Stats (player_id, player_stat_id, rbi, hits, ks, whip, slg, obs, era, bat_avg, games_played) values ('295', 295, 60, 59, 20, 1.62, 0.832, 0.344, 7.1, 0.797, 48);
insert into Player_Stats (player_id, player_stat_id, rbi, hits, ks, whip, slg, obs, era, bat_avg, games_played) values ('296', 296, 90, 79, 25, 1.82, 0.577, 0.415, 1.37, 0.008, 21);
insert into Player_Stats (player_id, player_stat_id, rbi, hits, ks, whip, slg, obs, era, bat_avg, games_played) values ('297', 297, 91, 47, 79, 2.14, 0.066, 0.633, 7.74, 0.731, 6);
insert into Player_Stats (player_id, player_stat_id, rbi, hits, ks, whip, slg, obs, era, bat_avg, games_played) values ('298', 298, 99, 35, 87, 4.35, 0.81, 0.963, 0.42, 0.686, 55);
insert into Player_Stats (player_id, player_stat_id, rbi, hits, ks, whip, slg, obs, era, bat_avg, games_played) values ('299', 299, 98, 39, 40, 1.43, 0.983, 0.863, 5.85, 0.831, 18);
insert into Player_Stats (player_id, player_stat_id, rbi, hits, ks, whip, slg, obs, era, bat_avg, games_played) values ('300', 300, 20, 70, 41, 2.48, 0.459, 0.489, 2.04, 0.293, 17);

-- Game Stats

insert into Game_Stats (game_id, game_stat_id, home_ks, away_ks, home_score, away_score, game_bat_avg, home_homers, away_homers) values ('1', 1, 3, 9, 10, 7, 0.441, null, null);
insert into Game_Stats (game_id, game_stat_id, home_ks, away_ks, home_score, away_score, game_bat_avg, home_homers, away_homers) values ('2', 2, 2, 5, 2, 6, 0.507, null, null);
insert into Game_Stats (game_id, game_stat_id, home_ks, away_ks, home_score, away_score, game_bat_avg, home_homers, away_homers) values ('3', 3, 9, 7, 9, 7, 0.698, null, null);
insert into Game_Stats (game_id, game_stat_id, home_ks, away_ks, home_score, away_score, game_bat_avg, home_homers, away_homers) values ('4', 4, 6, 6, 2, 10, 0.87, null, null);
insert into Game_Stats (game_id, game_stat_id, home_ks, away_ks, home_score, away_score, game_bat_avg, home_homers, away_homers) values ('5', 5, 7, 6, 9, 0, 0.33, null, null);
insert into Game_Stats (game_id, game_stat_id, home_ks, away_ks, home_score, away_score, game_bat_avg, home_homers, away_homers) values ('6', 6, 8, 4, 5, 10, 0.03, null, null);
insert into Game_Stats (game_id, game_stat_id, home_ks, away_ks, home_score, away_score, game_bat_avg, home_homers, away_homers) values ('7', 7, 1, 3, 8, 1, 0.945, null, 1);
insert into Game_Stats (game_id, game_stat_id, home_ks, away_ks, home_score, away_score, game_bat_avg, home_homers, away_homers) values ('8', 8, 5, 3, 0, 0, 0.13, 0, 0);
insert into Game_Stats (game_id, game_stat_id, home_ks, away_ks, home_score, away_score, game_bat_avg, home_homers, away_homers) values ('9', 9, 4, 7, 5, 0, 0.04, null, 0);
insert into Game_Stats (game_id, game_stat_id, home_ks, away_ks, home_score, away_score, game_bat_avg, home_homers, away_homers) values ('10', 10, 7, 7, 10, 10, 0.581, null, null);
insert into Game_Stats (game_id, game_stat_id, home_ks, away_ks, home_score, away_score, game_bat_avg, home_homers, away_homers) values ('11', 11, 7, 7, 1, 4, 0.347, 1, null);
insert into Game_Stats (game_id, game_stat_id, home_ks, away_ks, home_score, away_score, game_bat_avg, home_homers, away_homers) values ('12', 12, 3, 5, 0, 8, 0.986, 0, null);
insert into Game_Stats (game_id, game_stat_id, home_ks, away_ks, home_score, away_score, game_bat_avg, home_homers, away_homers) values ('13', 13, 4, 2, 2, 8, 0.587, null, null);
insert into Game_Stats (game_id, game_stat_id, home_ks, away_ks, home_score, away_score, game_bat_avg, home_homers, away_homers) values ('14', 14, 2, 9, 2, 7, 0.435, null, null);
insert into Game_Stats (game_id, game_stat_id, home_ks, away_ks, home_score, away_score, game_bat_avg, home_homers, away_homers) values ('15', 15, 4, 4, 10, 7, 0.068, null, null);
insert into Game_Stats (game_id, game_stat_id, home_ks, away_ks, home_score, away_score, game_bat_avg, home_homers, away_homers) values ('16', 16, 8, 8, 0, 6, 0.319, 0, null);
insert into Game_Stats (game_id, game_stat_id, home_ks, away_ks, home_score, away_score, game_bat_avg, home_homers, away_homers) values ('17', 17, 4, 8, 4, 1, 0.682, 4, 1);
insert into Game_Stats (game_id, game_stat_id, home_ks, away_ks, home_score, away_score, game_bat_avg, home_homers, away_homers) values ('18', 18, 4, 10, 8, 3, 0.086, null, null);
insert into Game_Stats (game_id, game_stat_id, home_ks, away_ks, home_score, away_score, game_bat_avg, home_homers, away_homers) values ('19', 19, 9, 5, 9, 8, 0.222, null, null);
insert into Game_Stats (game_id, game_stat_id, home_ks, away_ks, home_score, away_score, game_bat_avg, home_homers, away_homers) values ('20', 20, 9, 8, 5, 10, 0.148, null, null);
insert into Game_Stats (game_id, game_stat_id, home_ks, away_ks, home_score, away_score, game_bat_avg, home_homers, away_homers) values ('21', 21, 8, 10, 5, 8, 0.235, null, null);
insert into Game_Stats (game_id, game_stat_id, home_ks, away_ks, home_score, away_score, game_bat_avg, home_homers, away_homers) values ('22', 22, 5, 7, 8, 9, 0.044, null, null);
insert into Game_Stats (game_id, game_stat_id, home_ks, away_ks, home_score, away_score, game_bat_avg, home_homers, away_homers) values ('23', 23, 7, 7, 1, 10, 0.582, 1, null);
insert into Game_Stats (game_id, game_stat_id, home_ks, away_ks, home_score, away_score, game_bat_avg, home_homers, away_homers) values ('24', 24, 4, 6, 1, 8, 0.667, null, null);
insert into Game_Stats (game_id, game_stat_id, home_ks, away_ks, home_score, away_score, game_bat_avg, home_homers, away_homers) values ('25', 25, 10, 4, 10, 3, 0.976, null, 3);
insert into Game_Stats (game_id, game_stat_id, home_ks, away_ks, home_score, away_score, game_bat_avg, home_homers, away_homers) values ('26', 26, 4, 6, 3, 0, 0.478, null, 0);
insert into Game_Stats (game_id, game_stat_id, home_ks, away_ks, home_score, away_score, game_bat_avg, home_homers, away_homers) values ('27', 27, 1, 1, 8, 10, 0.57, null, null);
insert into Game_Stats (game_id, game_stat_id, home_ks, away_ks, home_score, away_score, game_bat_avg, home_homers, away_homers) values ('28', 28, 1, 7, 5, 9, 0.73, null, null);
insert into Game_Stats (game_id, game_stat_id, home_ks, away_ks, home_score, away_score, game_bat_avg, home_homers, away_homers) values ('29', 29, 5, 6, 3, 10, 0.911, null, null);
insert into Game_Stats (game_id, game_stat_id, home_ks, away_ks, home_score, away_score, game_bat_avg, home_homers, away_homers) values ('30', 30, 10, 8, 5, 10, 0.319, null, null);
insert into Game_Stats (game_id, game_stat_id, home_ks, away_ks, home_score, away_score, game_bat_avg, home_homers, away_homers) values ('31', 31, 10, 8, 3, 1, 0.59, null, 1);
insert into Game_Stats (game_id, game_stat_id, home_ks, away_ks, home_score, away_score, game_bat_avg, home_homers, away_homers) values ('32', 32, 6, 9, 8, 3, 0.411, null, 3);
insert into Game_Stats (game_id, game_stat_id, home_ks, away_ks, home_score, away_score, game_bat_avg, home_homers, away_homers) values ('33', 33, 5, 9, 9, 5, 0.883, null, null);
insert into Game_Stats (game_id, game_stat_id, home_ks, away_ks, home_score, away_score, game_bat_avg, home_homers, away_homers) values ('34', 34, 6, 9, 7, 9, 0.447, null, null);
insert into Game_Stats (game_id, game_stat_id, home_ks, away_ks, home_score, away_score, game_bat_avg, home_homers, away_homers) values ('35', 35, 9, 2, 6, 1, 0.53, null, 1);
insert into Game_Stats (game_id, game_stat_id, home_ks, away_ks, home_score, away_score, game_bat_avg, home_homers, away_homers) values ('36', 36, 6, 10, 10, 2, 0.357, null, null);
insert into Game_Stats (game_id, game_stat_id, home_ks, away_ks, home_score, away_score, game_bat_avg, home_homers, away_homers) values ('37', 37, 2, 1, 10, 2, 0.612, null, 2);
insert into Game_Stats (game_id, game_stat_id, home_ks, away_ks, home_score, away_score, game_bat_avg, home_homers, away_homers) values ('38', 38, 4, 1, 2, 7, 0.608, 2, null);
insert into Game_Stats (game_id, game_stat_id, home_ks, away_ks, home_score, away_score, game_bat_avg, home_homers, away_homers) values ('39', 39, 10, 3, 5, 4, 0.931, null, 4);
insert into Game_Stats (game_id, game_stat_id, home_ks, away_ks, home_score, away_score, game_bat_avg, home_homers, away_homers) values ('40', 40, 9, 10, 5, 3, 0.577, null, 3);
insert into Game_Stats (game_id, game_stat_id, home_ks, away_ks, home_score, away_score, game_bat_avg, home_homers, away_homers) values ('41', 41, 4, 4, 2, 8, 0.057, 2, null);
insert into Game_Stats (game_id, game_stat_id, home_ks, away_ks, home_score, away_score, game_bat_avg, home_homers, away_homers) values ('42', 42, 10, 9, 5, 7, 0.955, null, null);
insert into Game_Stats (game_id, game_stat_id, home_ks, away_ks, home_score, away_score, game_bat_avg, home_homers, away_homers) values ('43', 43, 8, 8, 3, 1, 0.65, null, 1);
insert into Game_Stats (game_id, game_stat_id, home_ks, away_ks, home_score, away_score, game_bat_avg, home_homers, away_homers) values ('44', 44, 1, 4, 1, 4, 0.88, 1, null);
insert into Game_Stats (game_id, game_stat_id, home_ks, away_ks, home_score, away_score, game_bat_avg, home_homers, away_homers) values ('45', 45, 7, 4, 9, 7, 0.959, null, null);
insert into Game_Stats (game_id, game_stat_id, home_ks, away_ks, home_score, away_score, game_bat_avg, home_homers, away_homers) values ('46', 46, 8, 7, 6, 7, 0.665, null, null);
insert into Game_Stats (game_id, game_stat_id, home_ks, away_ks, home_score, away_score, game_bat_avg, home_homers, away_homers) values ('47', 47, 10, 4, 1, 2, 0.994, 1, null);
insert into Game_Stats (game_id, game_stat_id, home_ks, away_ks, home_score, away_score, game_bat_avg, home_homers, away_homers) values ('48', 48, 4, 1, 3, 8, 0.168, null, null);
insert into Game_Stats (game_id, game_stat_id, home_ks, away_ks, home_score, away_score, game_bat_avg, home_homers, away_homers) values ('49', 49, 9, 3, 10, 9, 0.69, null, null);
insert into Game_Stats (game_id, game_stat_id, home_ks, away_ks, home_score, away_score, game_bat_avg, home_homers, away_homers) values ('50', 50, 3, 3, 5, 7, 0.261, null, null);
insert into Game_Stats (game_id, game_stat_id, home_ks, away_ks, home_score, away_score, game_bat_avg, home_homers, away_homers) values ('51', 51, 3, 5, 2, 10, 0.055, null, null);
insert into Game_Stats (game_id, game_stat_id, home_ks, away_ks, home_score, away_score, game_bat_avg, home_homers, away_homers) values ('52', 52, 8, 6, 0, 6, 0.506, null, null);
insert into Game_Stats (game_id, game_stat_id, home_ks, away_ks, home_score, away_score, game_bat_avg, home_homers, away_homers) values ('53', 53, 6, 5, 7, 2, 0.527, null, 2);
insert into Game_Stats (game_id, game_stat_id, home_ks, away_ks, home_score, away_score, game_bat_avg, home_homers, away_homers) values ('54', 54, 6, 8, 4, 10, 0.693, null, null);
insert into Game_Stats (game_id, game_stat_id, home_ks, away_ks, home_score, away_score, game_bat_avg, home_homers, away_homers) values ('55', 55, 4, 7, 0, 7, 0.421, 0, null);
insert into Game_Stats (game_id, game_stat_id, home_ks, away_ks, home_score, away_score, game_bat_avg, home_homers, away_homers) values ('56', 56, 1, 8, 6, 2, 0.96, null, 2);
insert into Game_Stats (game_id, game_stat_id, home_ks, away_ks, home_score, away_score, game_bat_avg, home_homers, away_homers) values ('57', 57, 3, 6, 1, 7, 0.803, 1, null);
insert into Game_Stats (game_id, game_stat_id, home_ks, away_ks, home_score, away_score, game_bat_avg, home_homers, away_homers) values ('58', 58, 2, 2, 4, 6, 0.885, null, null);
insert into Game_Stats (game_id, game_stat_id, home_ks, away_ks, home_score, away_score, game_bat_avg, home_homers, away_homers) values ('59', 59, 3, 2, 4, 8, 0.379, null, null);
insert into Game_Stats (game_id, game_stat_id, home_ks, away_ks, home_score, away_score, game_bat_avg, home_homers, away_homers) values ('60', 60, 6, 1, 7, 8, 0.428, null, null);
insert into Game_Stats (game_id, game_stat_id, home_ks, away_ks, home_score, away_score, game_bat_avg, home_homers, away_homers) values ('61', 61, 5, 3, 7, 1, 0.623, null, null);
insert into Game_Stats (game_id, game_stat_id, home_ks, away_ks, home_score, away_score, game_bat_avg, home_homers, away_homers) values ('62', 62, 2, 10, 9, 10, 0.537, null, null);
insert into Game_Stats (game_id, game_stat_id, home_ks, away_ks, home_score, away_score, game_bat_avg, home_homers, away_homers) values ('63', 63, 6, 5, 3, 9, 0.853, null, null);
insert into Game_Stats (game_id, game_stat_id, home_ks, away_ks, home_score, away_score, game_bat_avg, home_homers, away_homers) values ('64', 64, 10, 6, 6, 5, 0.642, null, null);
insert into Game_Stats (game_id, game_stat_id, home_ks, away_ks, home_score, away_score, game_bat_avg, home_homers, away_homers) values ('65', 65, 3, 5, 10, 0, 0.832, null, 0);
insert into Game_Stats (game_id, game_stat_id, home_ks, away_ks, home_score, away_score, game_bat_avg, home_homers, away_homers) values ('66', 66, 3, 4, 4, 2, 0.758, null, 2);
insert into Game_Stats (game_id, game_stat_id, home_ks, away_ks, home_score, away_score, game_bat_avg, home_homers, away_homers) values ('67', 67, 9, 9, 10, 10, 0.676, null, null);
insert into Game_Stats (game_id, game_stat_id, home_ks, away_ks, home_score, away_score, game_bat_avg, home_homers, away_homers) values ('68', 68, 6, 8, 9, 8, 0.854, null, null);
insert into Game_Stats (game_id, game_stat_id, home_ks, away_ks, home_score, away_score, game_bat_avg, home_homers, away_homers) values ('69', 69, 7, 7, 5, 1, 0.562, null, 1);
insert into Game_Stats (game_id, game_stat_id, home_ks, away_ks, home_score, away_score, game_bat_avg, home_homers, away_homers) values ('70', 70, 3, 6, 1, 6, 0.195, 1, null);
insert into Game_Stats (game_id, game_stat_id, home_ks, away_ks, home_score, away_score, game_bat_avg, home_homers, away_homers) values ('71', 71, 10, 9, 0, 1, 0.764, 0, 1);
insert into Game_Stats (game_id, game_stat_id, home_ks, away_ks, home_score, away_score, game_bat_avg, home_homers, away_homers) values ('72', 72, 5, 7, 4, 5, 0.984, null, null);
insert into Game_Stats (game_id, game_stat_id, home_ks, away_ks, home_score, away_score, game_bat_avg, home_homers, away_homers) values ('73', 73, 3, 8, 1, 1, 0.478, null, null);
insert into Game_Stats (game_id, game_stat_id, home_ks, away_ks, home_score, away_score, game_bat_avg, home_homers, away_homers) values ('74', 74, 10, 2, 1, 0, 0.616, 1, 0);
insert into Game_Stats (game_id, game_stat_id, home_ks, away_ks, home_score, away_score, game_bat_avg, home_homers, away_homers) values ('75', 75, 7, 4, 7, 8, 0.614, null, null);
insert into Game_Stats (game_id, game_stat_id, home_ks, away_ks, home_score, away_score, game_bat_avg, home_homers, away_homers) values ('76', 76, 10, 6, 4, 6, 0.618, null, null);
insert into Game_Stats (game_id, game_stat_id, home_ks, away_ks, home_score, away_score, game_bat_avg, home_homers, away_homers) values ('77', 77, 5, 8, 7, 9, 0.121, null, null);
insert into Game_Stats (game_id, game_stat_id, home_ks, away_ks, home_score, away_score, game_bat_avg, home_homers, away_homers) values ('78', 78, 5, 1, 6, 1, 0.723, null, 1);
insert into Game_Stats (game_id, game_stat_id, home_ks, away_ks, home_score, away_score, game_bat_avg, home_homers, away_homers) values ('79', 79, 1, 4, 0, 6, 0.348, 0, null);
insert into Game_Stats (game_id, game_stat_id, home_ks, away_ks, home_score, away_score, game_bat_avg, home_homers, away_homers) values ('80', 80, 3, 9, 3, 10, 0.465, 3, null);
insert into Game_Stats (game_id, game_stat_id, home_ks, away_ks, home_score, away_score, game_bat_avg, home_homers, away_homers) values ('81', 81, 5, 10, 1, 8, 0.491, null, null);
insert into Game_Stats (game_id, game_stat_id, home_ks, away_ks, home_score, away_score, game_bat_avg, home_homers, away_homers) values ('82', 82, 1, 5, 4, 0, 0.76, null, null);
insert into Game_Stats (game_id, game_stat_id, home_ks, away_ks, home_score, away_score, game_bat_avg, home_homers, away_homers) values ('83', 83, 5, 9, 3, 10, 0.547, null, null);
insert into Game_Stats (game_id, game_stat_id, home_ks, away_ks, home_score, away_score, game_bat_avg, home_homers, away_homers) values ('84', 84, 9, 7, 4, 5, 0.784, 4, null);
insert into Game_Stats (game_id, game_stat_id, home_ks, away_ks, home_score, away_score, game_bat_avg, home_homers, away_homers) values ('85', 85, 7, 8, 8, 8, 0.91, null, null);
insert into Game_Stats (game_id, game_stat_id, home_ks, away_ks, home_score, away_score, game_bat_avg, home_homers, away_homers) values ('86', 86, 6, 1, 0, 0, 0.147, 0, 0);
insert into Game_Stats (game_id, game_stat_id, home_ks, away_ks, home_score, away_score, game_bat_avg, home_homers, away_homers) values ('87', 87, 6, 9, 1, 8, 0.798, null, null);
insert into Game_Stats (game_id, game_stat_id, home_ks, away_ks, home_score, away_score, game_bat_avg, home_homers, away_homers) values ('88', 88, 1, 3, 7, 6, 0.289, null, null);
insert into Game_Stats (game_id, game_stat_id, home_ks, away_ks, home_score, away_score, game_bat_avg, home_homers, away_homers) values ('89', 89, 9, 1, 0, 9, 0.163, 0, null);
insert into Game_Stats (game_id, game_stat_id, home_ks, away_ks, home_score, away_score, game_bat_avg, home_homers, away_homers) values ('90', 90, 5, 10, 6, 3, 0.302, null, null);
insert into Game_Stats (game_id, game_stat_id, home_ks, away_ks, home_score, away_score, game_bat_avg, home_homers, away_homers) values ('91', 91, 7, 7, 9, 3, 0.25, null, null);
insert into Game_Stats (game_id, game_stat_id, home_ks, away_ks, home_score, away_score, game_bat_avg, home_homers, away_homers) values ('92', 92, 4, 2, 5, 8, 0.429, null, null);
insert into Game_Stats (game_id, game_stat_id, home_ks, away_ks, home_score, away_score, game_bat_avg, home_homers, away_homers) values ('93', 93, 2, 5, 1, 9, 0.22, 1, null);
insert into Game_Stats (game_id, game_stat_id, home_ks, away_ks, home_score, away_score, game_bat_avg, home_homers, away_homers) values ('94', 94, 6, 2, 2, 1, 0.44, 2, 1);
insert into Game_Stats (game_id, game_stat_id, home_ks, away_ks, home_score, away_score, game_bat_avg, home_homers, away_homers) values ('95', 95, 3, 10, 3, 4, 0.219, null, null);
insert into Game_Stats (game_id, game_stat_id, home_ks, away_ks, home_score, away_score, game_bat_avg, home_homers, away_homers) values ('96', 96, 4, 3, 10, 6, 0.879, null, null);
insert into Game_Stats (game_id, game_stat_id, home_ks, away_ks, home_score, away_score, game_bat_avg, home_homers, away_homers) values ('97', 97, 7, 6, 3, 8, 0.185, 3, null);
insert into Game_Stats (game_id, game_stat_id, home_ks, away_ks, home_score, away_score, game_bat_avg, home_homers, away_homers) values ('98', 98, 8, 2, 2, 8, 0.147, 2, null);
insert into Game_Stats (game_id, game_stat_id, home_ks, away_ks, home_score, away_score, game_bat_avg, home_homers, away_homers) values ('99', 99, 1, 1, 3, 5, 0.544, 3, null);
insert into Game_Stats (game_id, game_stat_id, home_ks, away_ks, home_score, away_score, game_bat_avg, home_homers, away_homers) values ('100', 100, 4, 2, 7, 0, 0.863, null, null);
insert into Game_Stats (game_id, game_stat_id, home_ks, away_ks, home_score, away_score, game_bat_avg, home_homers, away_homers) values ('101', 101, 7, 9, 1, 3, 0.546, 1, null);
insert into Game_Stats (game_id, game_stat_id, home_ks, away_ks, home_score, away_score, game_bat_avg, home_homers, away_homers) values ('102', 102, 9, 3, 1, 2, 0.42, null, null);
insert into Game_Stats (game_id, game_stat_id, home_ks, away_ks, home_score, away_score, game_bat_avg, home_homers, away_homers) values ('103', 103, 2, 9, 6, 4, 0.892, null, null);
insert into Game_Stats (game_id, game_stat_id, home_ks, away_ks, home_score, away_score, game_bat_avg, home_homers, away_homers) values ('104', 104, 9, 2, 4, 2, 0.259, null, null);
insert into Game_Stats (game_id, game_stat_id, home_ks, away_ks, home_score, away_score, game_bat_avg, home_homers, away_homers) values ('105', 105, 10, 10, 3, 4, 0.457, 3, null);
insert into Game_Stats (game_id, game_stat_id, home_ks, away_ks, home_score, away_score, game_bat_avg, home_homers, away_homers) values ('106', 106, 7, 4, 9, 10, 0.521, null, null);
insert into Game_Stats (game_id, game_stat_id, home_ks, away_ks, home_score, away_score, game_bat_avg, home_homers, away_homers) values ('107', 107, 3, 9, 2, 4, 0.169, 2, null);
insert into Game_Stats (game_id, game_stat_id, home_ks, away_ks, home_score, away_score, game_bat_avg, home_homers, away_homers) values ('108', 108, 10, 6, 6, 9, 0.738, null, null);
insert into Game_Stats (game_id, game_stat_id, home_ks, away_ks, home_score, away_score, game_bat_avg, home_homers, away_homers) values ('109', 109, 5, 1, 9, 4, 0.143, null, 4);
insert into Game_Stats (game_id, game_stat_id, home_ks, away_ks, home_score, away_score, game_bat_avg, home_homers, away_homers) values ('110', 110, 7, 6, 7, 3, 0.443, null, null);
insert into Game_Stats (game_id, game_stat_id, home_ks, away_ks, home_score, away_score, game_bat_avg, home_homers, away_homers) values ('111', 111, 10, 9, 9, 8, 0.624, null, null);
insert into Game_Stats (game_id, game_stat_id, home_ks, away_ks, home_score, away_score, game_bat_avg, home_homers, away_homers) values ('112', 112, 3, 6, 4, 8, 0.116, 4, null);
insert into Game_Stats (game_id, game_stat_id, home_ks, away_ks, home_score, away_score, game_bat_avg, home_homers, away_homers) values ('113', 113, 4, 3, 10, 3, 0.489, null, null);
insert into Game_Stats (game_id, game_stat_id, home_ks, away_ks, home_score, away_score, game_bat_avg, home_homers, away_homers) values ('114', 114, 8, 3, 1, 1, 0.521, 1, null);
insert into Game_Stats (game_id, game_stat_id, home_ks, away_ks, home_score, away_score, game_bat_avg, home_homers, away_homers) values ('115', 115, 1, 3, 2, 5, 0.146, null, null);
insert into Game_Stats (game_id, game_stat_id, home_ks, away_ks, home_score, away_score, game_bat_avg, home_homers, away_homers) values ('116', 116, 3, 3, 7, 2, 0.435, null, null);
insert into Game_Stats (game_id, game_stat_id, home_ks, away_ks, home_score, away_score, game_bat_avg, home_homers, away_homers) values ('117', 117, 2, 5, 6, 0, 0.719, null, null);
insert into Game_Stats (game_id, game_stat_id, home_ks, away_ks, home_score, away_score, game_bat_avg, home_homers, away_homers) values ('118', 118, 7, 1, 7, 3, 0.548, null, null);
insert into Game_Stats (game_id, game_stat_id, home_ks, away_ks, home_score, away_score, game_bat_avg, home_homers, away_homers) values ('119', 119, 9, 5, 3, 3, 0.068, 3, null);
insert into Game_Stats (game_id, game_stat_id, home_ks, away_ks, home_score, away_score, game_bat_avg, home_homers, away_homers) values ('120', 120, 6, 8, 5, 3, 0.558, null, 3);
insert into Game_Stats (game_id, game_stat_id, home_ks, away_ks, home_score, away_score, game_bat_avg, home_homers, away_homers) values ('121', 121, 4, 5, 3, 0, 0.147, null, 0);
insert into Game_Stats (game_id, game_stat_id, home_ks, away_ks, home_score, away_score, game_bat_avg, home_homers, away_homers) values ('122', 122, 9, 2, 2, 6, 0.669, 2, null);
insert into Game_Stats (game_id, game_stat_id, home_ks, away_ks, home_score, away_score, game_bat_avg, home_homers, away_homers) values ('123', 123, 1, 3, 1, 3, 0.653, 1, 3);
insert into Game_Stats (game_id, game_stat_id, home_ks, away_ks, home_score, away_score, game_bat_avg, home_homers, away_homers) values ('124', 124, 7, 1, 5, 0, 0.761, null, 0);
insert into Game_Stats (game_id, game_stat_id, home_ks, away_ks, home_score, away_score, game_bat_avg, home_homers, away_homers) values ('125', 125, 8, 5, 6, 4, 0.638, null, null);
insert into Game_Stats (game_id, game_stat_id, home_ks, away_ks, home_score, away_score, game_bat_avg, home_homers, away_homers) values ('126', 126, 1, 7, 8, 5, 0.85, null, null);
insert into Game_Stats (game_id, game_stat_id, home_ks, away_ks, home_score, away_score, game_bat_avg, home_homers, away_homers) values ('127', 127, 1, 10, 9, 3, 0.947, null, 3);
insert into Game_Stats (game_id, game_stat_id, home_ks, away_ks, home_score, away_score, game_bat_avg, home_homers, away_homers) values ('128', 128, 1, 3, 1, 2, 0.756, null, 2);
insert into Game_Stats (game_id, game_stat_id, home_ks, away_ks, home_score, away_score, game_bat_avg, home_homers, away_homers) values ('129', 129, 3, 3, 5, 10, 0.981, null, null);
insert into Game_Stats (game_id, game_stat_id, home_ks, away_ks, home_score, away_score, game_bat_avg, home_homers, away_homers) values ('130', 130, 9, 8, 0, 5, 0.963, 0, null);
insert into Game_Stats (game_id, game_stat_id, home_ks, away_ks, home_score, away_score, game_bat_avg, home_homers, away_homers) values ('131', 131, 5, 5, 2, 10, 0.215, 2, null);
insert into Game_Stats (game_id, game_stat_id, home_ks, away_ks, home_score, away_score, game_bat_avg, home_homers, away_homers) values ('132', 132, 4, 1, 3, 4, 0.847, null, 4);
insert into Game_Stats (game_id, game_stat_id, home_ks, away_ks, home_score, away_score, game_bat_avg, home_homers, away_homers) values ('133', 133, 1, 5, 3, 2, 0.574, null, null);
insert into Game_Stats (game_id, game_stat_id, home_ks, away_ks, home_score, away_score, game_bat_avg, home_homers, away_homers) values ('134', 134, 4, 10, 7, 7, 0.866, null, null);
insert into Game_Stats (game_id, game_stat_id, home_ks, away_ks, home_score, away_score, game_bat_avg, home_homers, away_homers) values ('135', 135, 2, 4, 6, 10, 0.369, null, null);
insert into Game_Stats (game_id, game_stat_id, home_ks, away_ks, home_score, away_score, game_bat_avg, home_homers, away_homers) values ('136', 136, 5, 2, 3, 4, 0.387, null, null);
insert into Game_Stats (game_id, game_stat_id, home_ks, away_ks, home_score, away_score, game_bat_avg, home_homers, away_homers) values ('137', 137, 7, 4, 7, 9, 0.412, null, null);
insert into Game_Stats (game_id, game_stat_id, home_ks, away_ks, home_score, away_score, game_bat_avg, home_homers, away_homers) values ('138', 138, 4, 8, 8, 4, 0.708, null, null);
insert into Game_Stats (game_id, game_stat_id, home_ks, away_ks, home_score, away_score, game_bat_avg, home_homers, away_homers) values ('139', 139, 6, 2, 4, 0, 0.148, null, 0);
insert into Game_Stats (game_id, game_stat_id, home_ks, away_ks, home_score, away_score, game_bat_avg, home_homers, away_homers) values ('140', 140, 2, 3, 3, 7, 0.584, null, null);
insert into Game_Stats (game_id, game_stat_id, home_ks, away_ks, home_score, away_score, game_bat_avg, home_homers, away_homers) values ('141', 141, 10, 9, 4, 4, 0.133, 4, null);
insert into Game_Stats (game_id, game_stat_id, home_ks, away_ks, home_score, away_score, game_bat_avg, home_homers, away_homers) values ('142', 142, 4, 6, 0, 2, 0.868, 0, 2);
insert into Game_Stats (game_id, game_stat_id, home_ks, away_ks, home_score, away_score, game_bat_avg, home_homers, away_homers) values ('143', 143, 6, 5, 3, 4, 0.347, 3, null);
insert into Game_Stats (game_id, game_stat_id, home_ks, away_ks, home_score, away_score, game_bat_avg, home_homers, away_homers) values ('144', 144, 7, 8, 10, 4, 0.15, null, null);
insert into Game_Stats (game_id, game_stat_id, home_ks, away_ks, home_score, away_score, game_bat_avg, home_homers, away_homers) values ('145', 145, 9, 9, 6, 0, 0.325, null, 0);
insert into Game_Stats (game_id, game_stat_id, home_ks, away_ks, home_score, away_score, game_bat_avg, home_homers, away_homers) values ('146', 146, 4, 5, 1, 8, 0.562, 1, null);
insert into Game_Stats (game_id, game_stat_id, home_ks, away_ks, home_score, away_score, game_bat_avg, home_homers, away_homers) values ('147', 147, 3, 1, 1, 1, 0.991, null, 1);
insert into Game_Stats (game_id, game_stat_id, home_ks, away_ks, home_score, away_score, game_bat_avg, home_homers, away_homers) values ('148', 148, 10, 3, 0, 7, 0.495, 0, null);
insert into Game_Stats (game_id, game_stat_id, home_ks, away_ks, home_score, away_score, game_bat_avg, home_homers, away_homers) values ('149', 149, 6, 7, 5, 0, 0.547, null, 0);
insert into Game_Stats (game_id, game_stat_id, home_ks, away_ks, home_score, away_score, game_bat_avg, home_homers, away_homers) values ('150', 150, 6, 5, 4, 0, 0.389, null, 0);
insert into Game_Stats (game_id, game_stat_id, home_ks, away_ks, home_score, away_score, game_bat_avg, home_homers, away_homers) values ('151', 151, 10, 1, 5, 0, 0.883, null, 0);
insert into Game_Stats (game_id, game_stat_id, home_ks, away_ks, home_score, away_score, game_bat_avg, home_homers, away_homers) values ('152', 152, 7, 9, 6, 5, 0.666, null, null);
insert into Game_Stats (game_id, game_stat_id, home_ks, away_ks, home_score, away_score, game_bat_avg, home_homers, away_homers) values ('153', 153, 7, 1, 10, 5, 0.54, null, null);
insert into Game_Stats (game_id, game_stat_id, home_ks, away_ks, home_score, away_score, game_bat_avg, home_homers, away_homers) values ('154', 154, 10, 5, 4, 3, 0.938, null, 3);
insert into Game_Stats (game_id, game_stat_id, home_ks, away_ks, home_score, away_score, game_bat_avg, home_homers, away_homers) values ('155', 155, 7, 2, 8, 4, 0.337, null, null);
insert into Game_Stats (game_id, game_stat_id, home_ks, away_ks, home_score, away_score, game_bat_avg, home_homers, away_homers) values ('156', 156, 9, 9, 10, 9, 0.729, null, null);
insert into Game_Stats (game_id, game_stat_id, home_ks, away_ks, home_score, away_score, game_bat_avg, home_homers, away_homers) values ('157', 157, 7, 6, 7, 8, 0.801, null, null);
insert into Game_Stats (game_id, game_stat_id, home_ks, away_ks, home_score, away_score, game_bat_avg, home_homers, away_homers) values ('158', 158, 8, 4, 5, 3, 0.951, null, null);
insert into Game_Stats (game_id, game_stat_id, home_ks, away_ks, home_score, away_score, game_bat_avg, home_homers, away_homers) values ('159', 159, 2, 8, 6, 10, 0.245, null, null);
insert into Game_Stats (game_id, game_stat_id, home_ks, away_ks, home_score, away_score, game_bat_avg, home_homers, away_homers) values ('160', 160, 1, 1, 1, 1, 0.393, 1, 1);
insert into Game_Stats (game_id, game_stat_id, home_ks, away_ks, home_score, away_score, game_bat_avg, home_homers, away_homers) values ('161', 161, 6, 3, 0, 0, 0.304, 0, 0);
insert into Game_Stats (game_id, game_stat_id, home_ks, away_ks, home_score, away_score, game_bat_avg, home_homers, away_homers) values ('162', 162, 8, 2, 10, 9, 0.18, null, null);
insert into Game_Stats (game_id, game_stat_id, home_ks, away_ks, home_score, away_score, game_bat_avg, home_homers, away_homers) values ('163', 163, 5, 9, 2, 0, 0.142, null, 0);
insert into Game_Stats (game_id, game_stat_id, home_ks, away_ks, home_score, away_score, game_bat_avg, home_homers, away_homers) values ('164', 164, 2, 2, 0, 4, 0.878, 0, null);
insert into Game_Stats (game_id, game_stat_id, home_ks, away_ks, home_score, away_score, game_bat_avg, home_homers, away_homers) values ('165', 165, 2, 1, 6, 5, 0.476, null, null);
insert into Game_Stats (game_id, game_stat_id, home_ks, away_ks, home_score, away_score, game_bat_avg, home_homers, away_homers) values ('166', 166, 4, 2, 6, 6, 0.361, null, null);
insert into Game_Stats (game_id, game_stat_id, home_ks, away_ks, home_score, away_score, game_bat_avg, home_homers, away_homers) values ('167', 167, 4, 3, 2, 4, 0.838, null, null);
insert into Game_Stats (game_id, game_stat_id, home_ks, away_ks, home_score, away_score, game_bat_avg, home_homers, away_homers) values ('168', 168, 7, 6, 1, 3, 0.91, 1, null);
insert into Game_Stats (game_id, game_stat_id, home_ks, away_ks, home_score, away_score, game_bat_avg, home_homers, away_homers) values ('169', 169, 6, 3, 1, 8, 0.407, null, null);
insert into Game_Stats (game_id, game_stat_id, home_ks, away_ks, home_score, away_score, game_bat_avg, home_homers, away_homers) values ('170', 170, 7, 5, 6, 5, 0.021, null, null);
insert into Game_Stats (game_id, game_stat_id, home_ks, away_ks, home_score, away_score, game_bat_avg, home_homers, away_homers) values ('171', 171, 9, 6, 2, 6, 0.289, 2, null);
insert into Game_Stats (game_id, game_stat_id, home_ks, away_ks, home_score, away_score, game_bat_avg, home_homers, away_homers) values ('172', 172, 10, 8, 5, 10, 0.779, null, null);
insert into Game_Stats (game_id, game_stat_id, home_ks, away_ks, home_score, away_score, game_bat_avg, home_homers, away_homers) values ('173', 173, 4, 7, 6, 0, 0.526, null, 0);
insert into Game_Stats (game_id, game_stat_id, home_ks, away_ks, home_score, away_score, game_bat_avg, home_homers, away_homers) values ('174', 174, 1, 9, 0, 2, 0.795, 0, 2);
insert into Game_Stats (game_id, game_stat_id, home_ks, away_ks, home_score, away_score, game_bat_avg, home_homers, away_homers) values ('175', 175, 9, 10, 0, 8, 0.974, 0, null);
insert into Game_Stats (game_id, game_stat_id, home_ks, away_ks, home_score, away_score, game_bat_avg, home_homers, away_homers) values ('176', 176, 6, 8, 8, 2, 0.368, null, 2);
insert into Game_Stats (game_id, game_stat_id, home_ks, away_ks, home_score, away_score, game_bat_avg, home_homers, away_homers) values ('177', 177, 4, 4, 6, 3, 0.341, null, null);
insert into Game_Stats (game_id, game_stat_id, home_ks, away_ks, home_score, away_score, game_bat_avg, home_homers, away_homers) values ('178', 178, 10, 7, 0, 4, 0.67, null, null);
insert into Game_Stats (game_id, game_stat_id, home_ks, away_ks, home_score, away_score, game_bat_avg, home_homers, away_homers) values ('179', 179, 10, 9, 2, 0, 0.66, null, 0);
insert into Game_Stats (game_id, game_stat_id, home_ks, away_ks, home_score, away_score, game_bat_avg, home_homers, away_homers) values ('180', 180, 8, 5, 0, 4, 0.37, 0, 4);
insert into Game_Stats (game_id, game_stat_id, home_ks, away_ks, home_score, away_score, game_bat_avg, home_homers, away_homers) values ('181', 181, 7, 9, 2, 8, 0.274, null, null);
insert into Game_Stats (game_id, game_stat_id, home_ks, away_ks, home_score, away_score, game_bat_avg, home_homers, away_homers) values ('182', 182, 2, 6, 0, 4, 0.732, 0, null);
insert into Game_Stats (game_id, game_stat_id, home_ks, away_ks, home_score, away_score, game_bat_avg, home_homers, away_homers) values ('183', 183, 5, 1, 4, 4, 0.373, null, 4);
insert into Game_Stats (game_id, game_stat_id, home_ks, away_ks, home_score, away_score, game_bat_avg, home_homers, away_homers) values ('184', 184, 6, 1, 5, 8, 0.31, null, null);
insert into Game_Stats (game_id, game_stat_id, home_ks, away_ks, home_score, away_score, game_bat_avg, home_homers, away_homers) values ('185', 185, 1, 6, 7, 1, 0.638, null, 1);
insert into Game_Stats (game_id, game_stat_id, home_ks, away_ks, home_score, away_score, game_bat_avg, home_homers, away_homers) values ('186', 186, 4, 1, 8, 7, 0.773, null, null);
insert into Game_Stats (game_id, game_stat_id, home_ks, away_ks, home_score, away_score, game_bat_avg, home_homers, away_homers) values ('187', 187, 8, 1, 10, 8, 0.28, null, null);
insert into Game_Stats (game_id, game_stat_id, home_ks, away_ks, home_score, away_score, game_bat_avg, home_homers, away_homers) values ('188', 188, 6, 3, 1, 4, 0.558, 1, null);
insert into Game_Stats (game_id, game_stat_id, home_ks, away_ks, home_score, away_score, game_bat_avg, home_homers, away_homers) values ('189', 189, 6, 4, 10, 1, 0.033, null, 1);
insert into Game_Stats (game_id, game_stat_id, home_ks, away_ks, home_score, away_score, game_bat_avg, home_homers, away_homers) values ('190', 190, 10, 5, 7, 10, 0.065, null, null);
insert into Game_Stats (game_id, game_stat_id, home_ks, away_ks, home_score, away_score, game_bat_avg, home_homers, away_homers) values ('191', 191, 3, 7, 10, 1, 0.609, null, 1);
insert into Game_Stats (game_id, game_stat_id, home_ks, away_ks, home_score, away_score, game_bat_avg, home_homers, away_homers) values ('192', 192, 5, 8, 10, 0, 0.635, null, 0);
insert into Game_Stats (game_id, game_stat_id, home_ks, away_ks, home_score, away_score, game_bat_avg, home_homers, away_homers) values ('193', 193, 1, 9, 0, 5, 0.58, 0, null);
insert into Game_Stats (game_id, game_stat_id, home_ks, away_ks, home_score, away_score, game_bat_avg, home_homers, away_homers) values ('194', 194, 10, 3, 9, 10, 0.629, null, null);
insert into Game_Stats (game_id, game_stat_id, home_ks, away_ks, home_score, away_score, game_bat_avg, home_homers, away_homers) values ('195', 195, 7, 1, 4, 3, 0.516, null, 3);
insert into Game_Stats (game_id, game_stat_id, home_ks, away_ks, home_score, away_score, game_bat_avg, home_homers, away_homers) values ('196', 196, 4, 9, 2, 1, 0.517, 2, 1);
insert into Game_Stats (game_id, game_stat_id, home_ks, away_ks, home_score, away_score, game_bat_avg, home_homers, away_homers) values ('197', 197, 1, 6, 9, 0, 0.258, null, 0);
insert into Game_Stats (game_id, game_stat_id, home_ks, away_ks, home_score, away_score, game_bat_avg, home_homers, away_homers) values ('198', 198, 7, 2, 4, 3, 0.087, null, null);
insert into Game_Stats (game_id, game_stat_id, home_ks, away_ks, home_score, away_score, game_bat_avg, home_homers, away_homers) values ('199', 199, 9, 1, 10, 3, 0.482, null, null);
insert into Game_Stats (game_id, game_stat_id, home_ks, away_ks, home_score, away_score, game_bat_avg, home_homers, away_homers) values ('200', 200, 5, 7, 10, 0, 0.885, null, 0);

-- Account Profile

insert into Account_Profile (ssn, sub_type, sub_length_months, age, fname, lname, screen_time_hours, username) values ('357-84-1253', 'Advanced', 10, 30, 'Erinn', 'Mattingley', 4, 'emattingley0');
insert into Account_Profile (ssn, sub_type, sub_length_months, age, fname, lname, screen_time_hours, username) values ('411-74-9729', 'Ante', 6, 46, 'Cloris', 'Stallion', 62, 'cstallion1');
insert into Account_Profile (ssn, sub_type, sub_length_months, age, fname, lname, screen_time_hours, username) values ('350-33-3364', 'Advanced', 5, 69, 'Bobby', 'Bines', 23, 'bbines2');
insert into Account_Profile (ssn, sub_type, sub_length_months, age, fname, lname, screen_time_hours, username) values ('261-91-4884', 'Ante', 1, 75, 'Elysee', 'Fearns', 64, 'efearns3');
insert into Account_Profile (ssn, sub_type, sub_length_months, age, fname, lname, screen_time_hours, username) values ('349-38-8925', 'Ante', 5, 44, 'Carolynn', 'Humber', 95, 'chumber4');
insert into Account_Profile (ssn, sub_type, sub_length_months, age, fname, lname, screen_time_hours, username) values ('180-88-5978', 'Ante', 6, 39, 'Cyril', 'Metheringham', 90, 'cmetheringham5');
insert into Account_Profile (ssn, sub_type, sub_length_months, age, fname, lname, screen_time_hours, username) values ('729-30-2331', 'Advanced', 6, 20, 'Ogden', 'Skeene', 45, 'oskeene6');
insert into Account_Profile (ssn, sub_type, sub_length_months, age, fname, lname, screen_time_hours, username) values ('260-71-8541', 'Advanced', 12, 19, 'Salvador', 'Bouzek', 98, 'sbouzek7');
insert into Account_Profile (ssn, sub_type, sub_length_months, age, fname, lname, screen_time_hours, username) values ('208-68-8166', 'Basic', 9, 72, 'Chiquita', 'Jansa', 8, 'cjansa8');
insert into Account_Profile (ssn, sub_type, sub_length_months, age, fname, lname, screen_time_hours, username) values ('110-47-9653', 'Basic', 1, 39, 'Carce', 'Gollop', 48, 'cgollop9');
insert into Account_Profile (ssn, sub_type, sub_length_months, age, fname, lname, screen_time_hours, username) values ('743-33-3347', 'Advanced', 3, 71, 'Alidia', 'Igoe', 5, 'aigoea');
insert into Account_Profile (ssn, sub_type, sub_length_months, age, fname, lname, screen_time_hours, username) values ('204-38-1614', 'Basic', 5, 75, 'Kyrstin', 'Calow', 15, 'kcalowb');
insert into Account_Profile (ssn, sub_type, sub_length_months, age, fname, lname, screen_time_hours, username) values ('398-52-8509', 'Advanced', 4, 75, 'Parker', 'Heater', 58, 'pheaterc');
insert into Account_Profile (ssn, sub_type, sub_length_months, age, fname, lname, screen_time_hours, username) values ('791-02-7939', 'Basic', 2, 23, 'Hestia', 'Klementz', 63, 'hklementzd');
insert into Account_Profile (ssn, sub_type, sub_length_months, age, fname, lname, screen_time_hours, username) values ('265-15-3746', 'Ante', 3, 29, 'Fredia', 'Dressell', 38, 'fdresselle');
insert into Account_Profile (ssn, sub_type, sub_length_months, age, fname, lname, screen_time_hours, username) values ('167-28-8604', 'Basic', 6, 25, 'Lowe', 'Storr', 30, 'lstorrf');
insert into Account_Profile (ssn, sub_type, sub_length_months, age, fname, lname, screen_time_hours, username) values ('176-35-6046', 'Basic', 8, 40, 'Bendix', 'Filippucci', 19, 'bfilippuccig');
insert into Account_Profile (ssn, sub_type, sub_length_months, age, fname, lname, screen_time_hours, username) values ('484-32-6458', 'Ante', 2, 74, 'Colas', 'Oluwatoyin', 48, 'coluwatoyinh');
insert into Account_Profile (ssn, sub_type, sub_length_months, age, fname, lname, screen_time_hours, username) values ('373-53-1856', 'Advanced', 6, 19, 'Shandy', 'Lawrenson', 53, 'slawrensoni');
insert into Account_Profile (ssn, sub_type, sub_length_months, age, fname, lname, screen_time_hours, username) values ('324-62-5051', 'Advanced', 6, 60, 'Everard', 'Helstrom', 7, 'ehelstromj');
insert into Account_Profile (ssn, sub_type, sub_length_months, age, fname, lname, screen_time_hours, username) values ('313-65-0946', 'Ante', 12, 66, 'Madelena', 'Carse', 98, 'mcarsek');
insert into Account_Profile (ssn, sub_type, sub_length_months, age, fname, lname, screen_time_hours, username) values ('683-28-4772', 'Ante', 5, 43, 'Jordan', 'Colhoun', 81, 'jcolhounl');
insert into Account_Profile (ssn, sub_type, sub_length_months, age, fname, lname, screen_time_hours, username) values ('428-94-3131', 'Ante', 9, 49, 'Tirrell', 'Pettegree', 65, 'tpettegreem');
insert into Account_Profile (ssn, sub_type, sub_length_months, age, fname, lname, screen_time_hours, username) values ('763-89-6887', 'Advanced', 3, 52, 'Debra', 'Ruffell', 83, 'druffelln');
insert into Account_Profile (ssn, sub_type, sub_length_months, age, fname, lname, screen_time_hours, username) values ('168-39-4794', 'Basic', 2, 69, 'Kinny', 'Prazor', 11, 'kprazoro');
insert into Account_Profile (ssn, sub_type, sub_length_months, age, fname, lname, screen_time_hours, username) values ('527-98-1791', 'Basic', 3, 73, 'Barbie', 'Schulze', 15, 'bschulzep');
insert into Account_Profile (ssn, sub_type, sub_length_months, age, fname, lname, screen_time_hours, username) values ('847-78-7122', 'Basic', 8, 63, 'Emily', 'MacAnulty', 77, 'emacanultyq');
insert into Account_Profile (ssn, sub_type, sub_length_months, age, fname, lname, screen_time_hours, username) values ('298-63-4298', 'Basic', 3, 26, 'Catrina', 'Drewry', 59, 'cdrewryr');
insert into Account_Profile (ssn, sub_type, sub_length_months, age, fname, lname, screen_time_hours, username) values ('289-09-4018', 'Basic', 6, 22, 'Shawna', 'OIlier', 50, 'soiliers');
insert into Account_Profile (ssn, sub_type, sub_length_months, age, fname, lname, screen_time_hours, username) values ('103-92-4879', 'Basic', 8, 44, 'Hercule', 'Jelleman', 68, 'hjellemant');
insert into Account_Profile (ssn, sub_type, sub_length_months, age, fname, lname, screen_time_hours, username) values ('253-80-4186', 'Advanced', 8, 50, 'Kariotta', 'Brewett', 20, 'kbrewettu');
insert into Account_Profile (ssn, sub_type, sub_length_months, age, fname, lname, screen_time_hours, username) values ('790-28-4802', 'Basic', 4, 23, 'Nolana', 'Justham', 60, 'njusthamv');
insert into Account_Profile (ssn, sub_type, sub_length_months, age, fname, lname, screen_time_hours, username) values ('637-13-2419', 'Basic', 4, 46, 'Kalli', 'Krook', 49, 'kkrookw');
insert into Account_Profile (ssn, sub_type, sub_length_months, age, fname, lname, screen_time_hours, username) values ('437-89-0528', 'Ante', 8, 35, 'Garrek', 'Cockson', 10, 'gcocksonx');
insert into Account_Profile (ssn, sub_type, sub_length_months, age, fname, lname, screen_time_hours, username) values ('860-05-4126', 'Ante', 9, 18, 'Danni', 'Dalgardno', 28, 'ddalgardnoy');
insert into Account_Profile (ssn, sub_type, sub_length_months, age, fname, lname, screen_time_hours, username) values ('537-62-0480', 'Basic', 2, 19, 'Zonnya', 'Galliford', 52, 'zgallifordz');
insert into Account_Profile (ssn, sub_type, sub_length_months, age, fname, lname, screen_time_hours, username) values ('466-15-3317', 'Ante', 5, 42, 'Valerye', 'Thorndycraft', 69, 'vthorndycraft10');
insert into Account_Profile (ssn, sub_type, sub_length_months, age, fname, lname, screen_time_hours, username) values ('323-56-0458', 'Advanced', 3, 18, 'Dolf', 'Stampe', 87, 'dstampe11');
insert into Account_Profile (ssn, sub_type, sub_length_months, age, fname, lname, screen_time_hours, username) values ('361-70-3885', 'Ante', 3, 61, 'Hinda', 'Whittington', 47, 'hwhittington12');
insert into Account_Profile (ssn, sub_type, sub_length_months, age, fname, lname, screen_time_hours, username) values ('425-15-3915', 'Ante', 3, 30, 'Arlyn', 'Linning', 19, 'alinning13');
insert into Account_Profile (ssn, sub_type, sub_length_months, age, fname, lname, screen_time_hours, username) values ('690-64-2861', 'Basic', 12, 68, 'Rockwell', 'Frise', 19, 'rfrise14');
insert into Account_Profile (ssn, sub_type, sub_length_months, age, fname, lname, screen_time_hours, username) values ('762-42-1272', 'Advanced', 11, 58, 'Fern', 'Ollerhead', 9, 'follerhead15');
insert into Account_Profile (ssn, sub_type, sub_length_months, age, fname, lname, screen_time_hours, username) values ('511-42-9701', 'Ante', 11, 56, 'Krista', 'Carrier', 54, 'kcarrier16');
insert into Account_Profile (ssn, sub_type, sub_length_months, age, fname, lname, screen_time_hours, username) values ('634-59-5848', 'Basic', 6, 61, 'Bobina', 'Benzie', 63, 'bbenzie17');
insert into Account_Profile (ssn, sub_type, sub_length_months, age, fname, lname, screen_time_hours, username) values ('659-94-6127', 'Basic', 4, 57, 'Jazmin', 'Burdge', 28, 'jburdge18');
insert into Account_Profile (ssn, sub_type, sub_length_months, age, fname, lname, screen_time_hours, username) values ('800-44-4683', 'Ante', 4, 47, 'Donalt', 'Borth', 18, 'dborth19');
insert into Account_Profile (ssn, sub_type, sub_length_months, age, fname, lname, screen_time_hours, username) values ('663-04-4927', 'Basic', 12, 36, 'Simmonds', 'Stouther', 9, 'sstouther1a');
insert into Account_Profile (ssn, sub_type, sub_length_months, age, fname, lname, screen_time_hours, username) values ('628-64-2010', 'Basic', 6, 42, 'Merrilee', 'Donlon', 18, 'mdonlon1b');
insert into Account_Profile (ssn, sub_type, sub_length_months, age, fname, lname, screen_time_hours, username) values ('503-32-5953', 'Ante', 9, 66, 'Holden', 'Skupinski', 57, 'hskupinski1c');
insert into Account_Profile (ssn, sub_type, sub_length_months, age, fname, lname, screen_time_hours, username) values ('249-52-2500', 'Advanced', 10, 57, 'Beale', 'Byford', 58, 'bbyford1d');
insert into Account_Profile (ssn, sub_type, sub_length_months, age, fname, lname, screen_time_hours, username) values ('662-10-9885', 'Basic', 7, 28, 'Neall', 'Allsopp', 18, 'nallsopp1e');
insert into Account_Profile (ssn, sub_type, sub_length_months, age, fname, lname, screen_time_hours, username) values ('319-31-3447', 'Ante', 10, 24, 'Cleon', 'Stillmann', 73, 'cstillmann1f');
insert into Account_Profile (ssn, sub_type, sub_length_months, age, fname, lname, screen_time_hours, username) values ('557-87-9103', 'Advanced', 10, 40, 'Vernen', 'Cavet', 97, 'vcavet1g');
insert into Account_Profile (ssn, sub_type, sub_length_months, age, fname, lname, screen_time_hours, username) values ('458-67-1738', 'Basic', 6, 28, 'Shaw', 'Heyworth', 92, 'sheyworth1h');
insert into Account_Profile (ssn, sub_type, sub_length_months, age, fname, lname, screen_time_hours, username) values ('437-17-1152', 'Basic', 11, 21, 'Zacherie', 'Glasspool', 89, 'zglasspool1i');
insert into Account_Profile (ssn, sub_type, sub_length_months, age, fname, lname, screen_time_hours, username) values ('291-30-1190', 'Ante', 9, 52, 'Sharyl', 'Struttman', 33, 'sstruttman1j');
insert into Account_Profile (ssn, sub_type, sub_length_months, age, fname, lname, screen_time_hours, username) values ('399-60-6393', 'Advanced', 2, 39, 'Beverlie', 'Zapata', 89, 'bzapata1k');
insert into Account_Profile (ssn, sub_type, sub_length_months, age, fname, lname, screen_time_hours, username) values ('660-46-0293', 'Advanced', 5, 27, 'Mohandis', 'Shorie', 51, 'mshorie1l');
insert into Account_Profile (ssn, sub_type, sub_length_months, age, fname, lname, screen_time_hours, username) values ('175-60-9756', 'Advanced', 3, 57, 'Nicolis', 'Paskins', 45, 'npaskins1m');
insert into Account_Profile (ssn, sub_type, sub_length_months, age, fname, lname, screen_time_hours, username) values ('211-88-0879', 'Basic', 12, 45, 'Hasty', 'Olding', 87, 'holding1n');
insert into Account_Profile (ssn, sub_type, sub_length_months, age, fname, lname, screen_time_hours, username) values ('634-11-2571', 'Ante', 12, 33, 'Brigit', 'Caulton', 80, 'bcaulton1o');
insert into Account_Profile (ssn, sub_type, sub_length_months, age, fname, lname, screen_time_hours, username) values ('567-07-7730', 'Ante', 6, 59, 'Tatum', 'Yeend', 37, 'tyeend1p');
insert into Account_Profile (ssn, sub_type, sub_length_months, age, fname, lname, screen_time_hours, username) values ('712-84-5708', 'Ante', 1, 72, 'Nalani', 'Mardy', 38, 'nmardy1q');
insert into Account_Profile (ssn, sub_type, sub_length_months, age, fname, lname, screen_time_hours, username) values ('544-28-5460', 'Basic', 8, 65, 'Tova', 'Haggidon', 46, 'thaggidon1r');
insert into Account_Profile (ssn, sub_type, sub_length_months, age, fname, lname, screen_time_hours, username) values ('506-72-2064', 'Ante', 3, 28, 'Thorsten', 'Dunnan', 8, 'tdunnan1s');
insert into Account_Profile (ssn, sub_type, sub_length_months, age, fname, lname, screen_time_hours, username) values ('419-69-2518', 'Advanced', 6, 71, 'Stephanus', 'Richichi', 26, 'srichichi1t');
insert into Account_Profile (ssn, sub_type, sub_length_months, age, fname, lname, screen_time_hours, username) values ('788-14-3858', 'Advanced', 10, 24, 'Witty', 'Sifflett', 73, 'wsifflett1u');
insert into Account_Profile (ssn, sub_type, sub_length_months, age, fname, lname, screen_time_hours, username) values ('131-36-9751', 'Advanced', 1, 55, 'Casi', 'Maiklem', 32, 'cmaiklem1v');
insert into Account_Profile (ssn, sub_type, sub_length_months, age, fname, lname, screen_time_hours, username) values ('409-81-3135', 'Basic', 5, 21, 'Wayland', 'Heijnen', 28, 'wheijnen1w');
insert into Account_Profile (ssn, sub_type, sub_length_months, age, fname, lname, screen_time_hours, username) values ('540-90-9532', 'Ante', 2, 64, 'Dulcinea', 'Franc', 47, 'dfranc1x');
insert into Account_Profile (ssn, sub_type, sub_length_months, age, fname, lname, screen_time_hours, username) values ('848-91-9189', 'Basic', 2, 42, 'Becka', 'Plet', 94, 'bplet1y');
insert into Account_Profile (ssn, sub_type, sub_length_months, age, fname, lname, screen_time_hours, username) values ('392-95-5035', 'Advanced', 6, 21, 'Nannette', 'Rosas', 6, 'nrosas1z');
insert into Account_Profile (ssn, sub_type, sub_length_months, age, fname, lname, screen_time_hours, username) values ('756-85-1185', 'Advanced', 9, 42, 'Karon', 'Spracklin', 99, 'kspracklin20');
insert into Account_Profile (ssn, sub_type, sub_length_months, age, fname, lname, screen_time_hours, username) values ('629-96-1204', 'Advanced', 6, 40, 'Casi', 'Wheelton', 74, 'cwheelton21');
insert into Account_Profile (ssn, sub_type, sub_length_months, age, fname, lname, screen_time_hours, username) values ('610-90-4607', 'Ante', 5, 50, 'Hesther', 'Sieve', 8, 'hsieve22');
insert into Account_Profile (ssn, sub_type, sub_length_months, age, fname, lname, screen_time_hours, username) values ('404-55-6553', 'Advanced', 1, 18, 'Derril', 'Maypes', 11, 'dmaypes23');
insert into Account_Profile (ssn, sub_type, sub_length_months, age, fname, lname, screen_time_hours, username) values ('760-74-2086', 'Ante', 2, 42, 'Jamil', 'Kiggel', 44, 'jkiggel24');
insert into Account_Profile (ssn, sub_type, sub_length_months, age, fname, lname, screen_time_hours, username) values ('422-08-7189', 'Ante', 3, 62, 'Rem', 'Adderley', 72, 'radderley25');
insert into Account_Profile (ssn, sub_type, sub_length_months, age, fname, lname, screen_time_hours, username) values ('235-85-1623', 'Ante', 8, 55, 'Nikkie', 'Bradnick', 73, 'nbradnick26');
insert into Account_Profile (ssn, sub_type, sub_length_months, age, fname, lname, screen_time_hours, username) values ('180-55-8523', 'Advanced', 5, 40, 'Nelle', 'Benduhn', 86, 'nbenduhn27');
insert into Account_Profile (ssn, sub_type, sub_length_months, age, fname, lname, screen_time_hours, username) values ('440-34-6507', 'Ante', 8, 18, 'Brent', 'Vell', 64, 'bvell28');
insert into Account_Profile (ssn, sub_type, sub_length_months, age, fname, lname, screen_time_hours, username) values ('411-61-9533', 'Ante', 11, 59, 'Cosetta', 'Rochford', 77, 'crochford29');
insert into Account_Profile (ssn, sub_type, sub_length_months, age, fname, lname, screen_time_hours, username) values ('178-51-4894', 'Basic', 2, 56, 'Bond', 'Bemand', 20, 'bbemand2a');
insert into Account_Profile (ssn, sub_type, sub_length_months, age, fname, lname, screen_time_hours, username) values ('171-35-6915', 'Ante', 3, 18, 'Ryon', 'Hicken', 71, 'rhicken2b');
insert into Account_Profile (ssn, sub_type, sub_length_months, age, fname, lname, screen_time_hours, username) values ('108-51-8275', 'Basic', 1, 52, 'Neale', 'Willerson', 53, 'nwillerson2c');
insert into Account_Profile (ssn, sub_type, sub_length_months, age, fname, lname, screen_time_hours, username) values ('831-71-4565', 'Advanced', 6, 68, 'Michelina', 'Eringey', 71, 'meringey2d');
insert into Account_Profile (ssn, sub_type, sub_length_months, age, fname, lname, screen_time_hours, username) values ('556-53-5002', 'Basic', 8, 44, 'Myrlene', 'Dake', 71, 'mdake2e');
insert into Account_Profile (ssn, sub_type, sub_length_months, age, fname, lname, screen_time_hours, username) values ('189-79-1169', 'Basic', 5, 26, 'Jenni', 'Dearnaley', 43, 'jdearnaley2f');
insert into Account_Profile (ssn, sub_type, sub_length_months, age, fname, lname, screen_time_hours, username) values ('647-49-0971', 'Ante', 1, 74, 'Lonnie', 'Malkie', 88, 'lmalkie2g');
insert into Account_Profile (ssn, sub_type, sub_length_months, age, fname, lname, screen_time_hours, username) values ('660-06-1200', 'Ante', 10, 57, 'Ashly', 'Becker', 88, 'abecker2h');
insert into Account_Profile (ssn, sub_type, sub_length_months, age, fname, lname, screen_time_hours, username) values ('522-67-7307', 'Advanced', 3, 63, 'Indira', 'Civitillo', 93, 'icivitillo2i');
insert into Account_Profile (ssn, sub_type, sub_length_months, age, fname, lname, screen_time_hours, username) values ('211-58-6661', 'Ante', 1, 19, 'Carmina', 'Thurbon', 88, 'cthurbon2j');
insert into Account_Profile (ssn, sub_type, sub_length_months, age, fname, lname, screen_time_hours, username) values ('517-02-3319', 'Ante', 6, 49, 'Roslyn', 'McLewd', 64, 'rmclewd2k');
insert into Account_Profile (ssn, sub_type, sub_length_months, age, fname, lname, screen_time_hours, username) values ('344-73-7105', 'Advanced', 12, 66, 'Giffie', 'Peetermann', 49, 'gpeetermann2l');
insert into Account_Profile (ssn, sub_type, sub_length_months, age, fname, lname, screen_time_hours, username) values ('746-61-9584', 'Ante', 5, 74, 'Immanuel', 'Eastmead', 1, 'ieastmead2m');
insert into Account_Profile (ssn, sub_type, sub_length_months, age, fname, lname, screen_time_hours, username) values ('725-20-5862', 'Ante', 7, 26, 'Aundrea', 'Hamlett', 24, 'ahamlett2n');
insert into Account_Profile (ssn, sub_type, sub_length_months, age, fname, lname, screen_time_hours, username) values ('382-56-6431', 'Advanced', 6, 72, 'Mitchell', 'Thomlinson', 42, 'mthomlinson2o');
insert into Account_Profile (ssn, sub_type, sub_length_months, age, fname, lname, screen_time_hours, username) values ('866-24-6437', 'Basic', 4, 40, 'Neville', 'Gladstone', 5, 'ngladstone2p');
insert into Account_Profile (ssn, sub_type, sub_length_months, age, fname, lname, screen_time_hours, username) values ('718-11-7974', 'Basic', 3, 48, 'Matthaeus', 'Simoes', 100, 'msimoes2q');
insert into Account_Profile (ssn, sub_type, sub_length_months, age, fname, lname, screen_time_hours, username) values ('731-83-1992', 'Advanced', 4, 29, 'Anny', 'Fellows', 76, 'afellows2r');

-- Bet Slip

insert into Bet_Slip (bet_id, bet_type, bet_description, payout, amount, return_rate, game_id, ssn) values (1, 'Parlay', 'pretium iaculis diam erat fermentumParlay', 33.99, 22.76, 2.965, '63', '411-74-9729');
insert into Bet_Slip (bet_id, bet_type, bet_description, payout, amount, return_rate, game_id, ssn) values (2, 'Money Line', 'aenean lectus pellentesque eget nunc donec quis orci eget orci vehicula condimentum curabitur inMoney Line', 22.79, 12.82, 2.837, '134', '411-74-9729');
insert into Bet_Slip (bet_id, bet_type, bet_description, payout, amount, return_rate, game_id, ssn) values (3, 'Over/Under', 'quis libero nullam sit ametOver/Under', 71.84, 36.09, 3.119, '139', '411-74-9729');
insert into Bet_Slip (bet_id, bet_type, bet_description, payout, amount, return_rate, game_id, ssn) values (4, 'Over/Under', 'urna ut tellus nulla ut erat id mauris vulputate elementum nullam variusOver/Under', 69.07, 11.94, 1.419, '81', '411-74-9729');
insert into Bet_Slip (bet_id, bet_type, bet_description, payout, amount, return_rate, game_id, ssn) values (5, 'Over/Under', 'phasellus id sapien in sapien iaculis congue vivamus metus arcuOver/Under', 41.08, 49.86, 3.437, '43', '411-74-9729');
insert into Bet_Slip (bet_id, bet_type, bet_description, payout, amount, return_rate, game_id, ssn) values (6, 'Point Spread', 'magnis dis parturient montes nascetur ridiculus mus vivamus vestibulum sagittisPoint Spread', 27.59, 65.97, 4.232, '2', '411-74-9729');
insert into Bet_Slip (bet_id, bet_type, bet_description, payout, amount, return_rate, game_id, ssn) values (7, 'Parlay', 'nisi eu orci mauris lacinia sapien quis libero nullam sit amet turpis elementum ligula vehiculaParlay', 39.48, 60.66, 1.082, '145', '411-74-9729');
insert into Bet_Slip (bet_id, bet_type, bet_description, payout, amount, return_rate, game_id, ssn) values (8, 'Point Spread', 'molestie sed justo pellentesque viverra pede ac diam cras pellentesque volutpatPoint Spread', 19.73, 91.49, 1.803, '122', '411-74-9729');
insert into Bet_Slip (bet_id, bet_type, bet_description, payout, amount, return_rate, game_id, ssn) values (9, 'Parlay', 'orci mauris lacinia sapien quis libero nullamParlay', 3.44, 65.26, 3.349, '185', '411-74-9729');
insert into Bet_Slip (bet_id, bet_type, bet_description, payout, amount, return_rate, game_id, ssn) values (10, 'Over/Under', 'ultrices mattis odio donec vitae nisi nam ultrices libero non mattis pulvinar nullaOver/Under', 18.94, 90.29, 3.794, '69', '261-91-4884');
insert into Bet_Slip (bet_id, bet_type, bet_description, payout, amount, return_rate, game_id, ssn) values (11, 'Over/Under', 'nulla tempus vivamus in felis eu sapien cursus vestibulumOver/Under', 28.49, 10.71, 3.355, '75', '261-91-4884');
insert into Bet_Slip (bet_id, bet_type, bet_description, payout, amount, return_rate, game_id, ssn) values (12, 'Parlay', 'sed tristique in tempus sit amet sem fusceParlay', 4.56, 63.48, 4.968, '116', '261-91-4884');
insert into Bet_Slip (bet_id, bet_type, bet_description, payout, amount, return_rate, game_id, ssn) values (13, 'Point Spread', 'ipsum integer a nibh in quis justo maecenas rhoncus aliquam lacusPoint Spread', 78.43, 55.52, 2.414, '150', '261-91-4884');
insert into Bet_Slip (bet_id, bet_type, bet_description, payout, amount, return_rate, game_id, ssn) values (14, 'Over/Under', 'proin interdum mauris non ligula pellentesque ultrices phasellus id sapien in sapien iaculis congueOver/Under', 21.98, 46.98, 3.337, '167', '261-91-4884');
insert into Bet_Slip (bet_id, bet_type, bet_description, payout, amount, return_rate, game_id, ssn) values (15, 'Over/Under', 'a nibh in quis justo maecenas rhoncus aliquam lacus morbi quis tortor id nullaOver/Under', 94.06, 19.31, 1.442, '71', '261-91-4884');
insert into Bet_Slip (bet_id, bet_type, bet_description, payout, amount, return_rate, game_id, ssn) values (16, 'Over/Under', 'a suscipit nulla elit ac nulla sed vel enim sit amet nuncOver/Under', 30.98, 95.65, 2.272, '70', '261-91-4884');
insert into Bet_Slip (bet_id, bet_type, bet_description, payout, amount, return_rate, game_id, ssn) values (17, 'Money Line', 'eu interdum eu tincidunt in leo maecenas pulvinar lobortis est phasellus sitMoney Line', 91.28, 43.41, 4.318, '130', '261-91-4884');
insert into Bet_Slip (bet_id, bet_type, bet_description, payout, amount, return_rate, game_id, ssn) values (18, 'Over/Under', 'ante ipsum primis in faucibus orci luctus et ultricesOver/Under', 94.67, 96.01, 1.035, '161', '261-91-4884');
insert into Bet_Slip (bet_id, bet_type, bet_description, payout, amount, return_rate, game_id, ssn) values (19, 'Over/Under', 'tellus nisi eu orci mauris lacinia sapien quis libero nullam sit amet turpis elementum ligulaOver/Under', 90.11, 60.97, 4.032, '22', '349-38-8925');
insert into Bet_Slip (bet_id, bet_type, bet_description, payout, amount, return_rate, game_id, ssn) values (20, 'Money Line', 'turpis adipiscing lorem vitae mattis nibh ligula nec sem duis aliquamMoney Line', 59.51, 53.77, 3.169, '49', '349-38-8925');
insert into Bet_Slip (bet_id, bet_type, bet_description, payout, amount, return_rate, game_id, ssn) values (21, 'Point Spread', 'phasellus sit amet erat nulla tempus vivamus in felis eu sapien cursus vestibulum proin euPoint Spread', 33.86, 24.01, 3.621, '154', '349-38-8925');
insert into Bet_Slip (bet_id, bet_type, bet_description, payout, amount, return_rate, game_id, ssn) values (22, 'Money Line', 'proin eu mi nulla ac enim inMoney Line', 85.71, 63.36, 1.402, '32', '349-38-8925');
insert into Bet_Slip (bet_id, bet_type, bet_description, payout, amount, return_rate, game_id, ssn) values (23, 'Over/Under', 'a pede posuere nonummy integerOver/Under', 51.91, 4.43, 2.409, '18', '349-38-8925');
insert into Bet_Slip (bet_id, bet_type, bet_description, payout, amount, return_rate, game_id, ssn) values (24, 'Point Spread', 'suscipit nulla elit ac nullaPoint Spread', 87.42, 64.87, 1.954, '118', '349-38-8925');
insert into Bet_Slip (bet_id, bet_type, bet_description, payout, amount, return_rate, game_id, ssn) values (25, 'Over/Under', 'cursus urna ut tellus nullaOver/Under', 38.64, 90.93, 1.544, '7', '349-38-8925');
insert into Bet_Slip (bet_id, bet_type, bet_description, payout, amount, return_rate, game_id, ssn) values (26, 'Parlay', 'vestibulum quam sapien varius ut blandit non interdum in ante vestibulum ante ipsum primisParlay', 75.69, 57.73, 3.784, '171', '349-38-8925');
insert into Bet_Slip (bet_id, bet_type, bet_description, payout, amount, return_rate, game_id, ssn) values (27, 'Parlay', 'hendrerit at vulputate vitae nisl aenean lectus pellentesque eget nunc donec quisParlay', 31.84, 28.24, 2.953, '176', '349-38-8925');
insert into Bet_Slip (bet_id, bet_type, bet_description, payout, amount, return_rate, game_id, ssn) values (28, 'Over/Under', 'justo sollicitudin ut suscipit a feugiat et erosOver/Under', 4.72, 36.33, 4.495, '95', '349-38-8925');
insert into Bet_Slip (bet_id, bet_type, bet_description, payout, amount, return_rate, game_id, ssn) values (29, 'Money Line', 'venenatis tristique fusce congue diamMoney Line', 34.51, 65.71, 3.093, '19', '349-38-8925');
insert into Bet_Slip (bet_id, bet_type, bet_description, payout, amount, return_rate, game_id, ssn) values (30, 'Point Spread', 'sollicitudin vitae consectetuer eget rutrum atPoint Spread', 20.77, 12.63, 1.536, '190', '349-38-8925');
insert into Bet_Slip (bet_id, bet_type, bet_description, payout, amount, return_rate, game_id, ssn) values (31, 'Money Line', 'eget elit sodales scelerisque mauris sit amet eros suspendisse accumsan tortor quisMoney Line', 93.15, 16.54, 4.355, '149', '349-38-8925');
insert into Bet_Slip (bet_id, bet_type, bet_description, payout, amount, return_rate, game_id, ssn) values (32, 'Point Spread', 'in imperdiet et commodo vulputate justo inPoint Spread', 12.19, 87.84, 1.578, '124', '180-88-5978');
insert into Bet_Slip (bet_id, bet_type, bet_description, payout, amount, return_rate, game_id, ssn) values (33, 'Over/Under', 'nulla facilisi cras non velit nec nisi vulputate nonummy maecenas tincidunt lacus at velit vivamusOver/Under', 18.35, 35.17, 3.738, '196', '180-88-5978');
insert into Bet_Slip (bet_id, bet_type, bet_description, payout, amount, return_rate, game_id, ssn) values (34, 'Money Line', 'vehicula consequat morbi a ipsum integer a nibh in quis justo maecenas rhoncus aliquam lacusMoney Line', 25.81, 26.76, 1.171, '23', '180-88-5978');
insert into Bet_Slip (bet_id, bet_type, bet_description, payout, amount, return_rate, game_id, ssn) values (35, 'Point Spread', 'ullamcorper purus sit amet nulla quisque arcu libero rutrum ac lobortis velPoint Spread', 67.89, 69.12, 2.202, '64', '180-88-5978');
insert into Bet_Slip (bet_id, bet_type, bet_description, payout, amount, return_rate, game_id, ssn) values (36, 'Over/Under', 'natoque penatibus et magnis dis parturient montes nascetur ridiculus mus vivamus vestibulum sagittis sapienOver/Under', 85.13, 8.51, 1.365, '60', '180-88-5978');
insert into Bet_Slip (bet_id, bet_type, bet_description, payout, amount, return_rate, game_id, ssn) values (37, 'Over/Under', 'morbi porttitor lorem id ligula suspendisse ornareOver/Under', 17.69, 95.84, 2.662, '158', '180-88-5978');
insert into Bet_Slip (bet_id, bet_type, bet_description, payout, amount, return_rate, game_id, ssn) values (38, 'Point Spread', 'vel sem sed sagittis nam congue risus semper porta volutpatPoint Spread', 53.19, 69.77, 3.461, '184', '180-88-5978');
insert into Bet_Slip (bet_id, bet_type, bet_description, payout, amount, return_rate, game_id, ssn) values (39, 'Money Line', 'dui proin leo odio porttitor id consequat in consequat utMoney Line', 75.41, 12.86, 2.701, '126', '180-88-5978');
insert into Bet_Slip (bet_id, bet_type, bet_description, payout, amount, return_rate, game_id, ssn) values (40, 'Over/Under', 'curabitur in libero ut massa volutpat convallis morbi odio odio elementumOver/Under', 40.87, 12.78, 3.601, '177', '180-88-5978');
insert into Bet_Slip (bet_id, bet_type, bet_description, payout, amount, return_rate, game_id, ssn) values (41, 'Point Spread', 'lacinia erat vestibulum sed magna at nunc commodo placerat praesent blandit namPoint Spread', 89.23, 26.09, 1.755, '153', '265-15-3746');
insert into Bet_Slip (bet_id, bet_type, bet_description, payout, amount, return_rate, game_id, ssn) values (42, 'Parlay', 'sit amet diam in magna bibendum imperdiet nullam orciParlay', 72.92, 27.08, 2.873, '45', '265-15-3746');
insert into Bet_Slip (bet_id, bet_type, bet_description, payout, amount, return_rate, game_id, ssn) values (43, 'Parlay', 'massa tempor convallis nulla neque libero convallis eget eleifend luctus ultricies euParlay', 58.51, 61.75, 1.237, '181', '265-15-3746');
insert into Bet_Slip (bet_id, bet_type, bet_description, payout, amount, return_rate, game_id, ssn) values (44, 'Point Spread', 'in tempor turpis nec euismod scelerisque quam turpis adipiscingPoint Spread', 89.21, 46.37, 2.269, '107', '265-15-3746');
insert into Bet_Slip (bet_id, bet_type, bet_description, payout, amount, return_rate, game_id, ssn) values (45, 'Over/Under', 'in faucibus orci luctus et ultrices posuere cubilia curae donec pharetraOver/Under', 37.47, 96.53, 1.946, '73', '265-15-3746');
insert into Bet_Slip (bet_id, bet_type, bet_description, payout, amount, return_rate, game_id, ssn) values (46, 'Parlay', 'justo morbi ut odio cras mi pede malesuadaParlay', 8.88, 38.91, 4.878, '180', '265-15-3746');
insert into Bet_Slip (bet_id, bet_type, bet_description, payout, amount, return_rate, game_id, ssn) values (47, 'Point Spread', 'curabitur in libero ut massa volutpat convallis morbi odio odioPoint Spread', 34.21, 19.39, 3.149, '91', '265-15-3746');
insert into Bet_Slip (bet_id, bet_type, bet_description, payout, amount, return_rate, game_id, ssn) values (48, 'Parlay', 'etiam justo etiam pretium iaculisParlay', 92.93, 13.48, 4.331, '68', '265-15-3746');
insert into Bet_Slip (bet_id, bet_type, bet_description, payout, amount, return_rate, game_id, ssn) values (49, 'Money Line', 'nulla ultrices aliquet maecenas leo odio condimentum idMoney Line', 27.21, 7.73, 2.943, '98', '265-15-3746');
insert into Bet_Slip (bet_id, bet_type, bet_description, payout, amount, return_rate, game_id, ssn) values (50, 'Over/Under', 'ultrices posuere cubilia curae duis faucibus accumsan odio curabitur convallis duis consequat duiOver/Under', 93.22, 84.25, 3.732, '59', '265-15-3746');
insert into Bet_Slip (bet_id, bet_type, bet_description, payout, amount, return_rate, game_id, ssn) values (51, 'Parlay', 'diam id ornare imperdiet sapien urna pretium nisl ut volutpat sapien arcuParlay', 72.94, 78.19, 2.044, '14', '484-32-6458');
insert into Bet_Slip (bet_id, bet_type, bet_description, payout, amount, return_rate, game_id, ssn) values (52, 'Point Spread', 'nisi eu orci mauris lacinia sapien quis libero nullamPoint Spread', 82.02, 83.16, 1.833, '188', '484-32-6458');
insert into Bet_Slip (bet_id, bet_type, bet_description, payout, amount, return_rate, game_id, ssn) values (53, 'Over/Under', 'justo maecenas rhoncus aliquam lacus morbi quis tortor id nulla ultrices aliquetOver/Under', 49.01, 83.98, 4.807, '110', '484-32-6458');
insert into Bet_Slip (bet_id, bet_type, bet_description, payout, amount, return_rate, game_id, ssn) values (54, 'Parlay', 'quam pede lobortis ligula sit ametParlay', 42.24, 16.81, 1.333, '119', '484-32-6458');
insert into Bet_Slip (bet_id, bet_type, bet_description, payout, amount, return_rate, game_id, ssn) values (55, 'Point Spread', 'a odio in hac habitasse platea dictumst maecenas ut massa quis augue luctus tincidunt nullaPoint Spread', 63.53, 51.51, 1.667, '135', '484-32-6458');
insert into Bet_Slip (bet_id, bet_type, bet_description, payout, amount, return_rate, game_id, ssn) values (56, 'Over/Under', 'suscipit nulla elit ac nulla sed vel enim sit amet nunc viverraOver/Under', 39.06, 23.31, 2.142, '10', '484-32-6458');
insert into Bet_Slip (bet_id, bet_type, bet_description, payout, amount, return_rate, game_id, ssn) values (57, 'Parlay', 'auctor gravida sem praesent id massa id nisl venenatis lacinia aenean sit ametParlay', 22.97, 53.71, 1.911, '155', '484-32-6458');
insert into Bet_Slip (bet_id, bet_type, bet_description, payout, amount, return_rate, game_id, ssn) values (58, 'Point Spread', 'nam congue risus semper porta volutpat quam pede lobortisPoint Spread', 72.46, 59.25, 4.685, '11', '484-32-6458');
insert into Bet_Slip (bet_id, bet_type, bet_description, payout, amount, return_rate, game_id, ssn) values (59, 'Over/Under', 'primis in faucibus orci luctus et ultrices posuere cubiliaOver/Under', 64.67, 14.02, 3.915, '4', '484-32-6458');
insert into Bet_Slip (bet_id, bet_type, bet_description, payout, amount, return_rate, game_id, ssn) values (60, 'Money Line', 'turpis a pede posuere nonummy integerMoney Line', 29.18, 37.71, 1.509, '55', '484-32-6458');
insert into Bet_Slip (bet_id, bet_type, bet_description, payout, amount, return_rate, game_id, ssn) values (61, 'Money Line', 'sem praesent id massa id nisl venenatis laciniaMoney Line', 57.87, 8.06, 2.311, '143', '313-65-0946');
insert into Bet_Slip (bet_id, bet_type, bet_description, payout, amount, return_rate, game_id, ssn) values (62, 'Point Spread', 'vestibulum aliquet ultrices erat tortor sollicitudin mi sit amet lobortis sapien sapien nonPoint Spread', 42.14, 4.66, 2.597, '142', '313-65-0946');
insert into Bet_Slip (bet_id, bet_type, bet_description, payout, amount, return_rate, game_id, ssn) values (63, 'Money Line', 'lacinia aenean sit amet justoMoney Line', 70.33, 31.23, 4.109, '113', '313-65-0946');
insert into Bet_Slip (bet_id, bet_type, bet_description, payout, amount, return_rate, game_id, ssn) values (64, 'Point Spread', 'et tempus semper est quam pharetra magna ac consequat metus sapien ut nunc vestibulum antePoint Spread', 51.01, 45.36, 1.428, '9', '313-65-0946');
insert into Bet_Slip (bet_id, bet_type, bet_description, payout, amount, return_rate, game_id, ssn) values (65, 'Money Line', 'arcu libero rutrum ac lobortisMoney Line', 96.48, 86.17, 4.261, '31', '683-28-4772');
insert into Bet_Slip (bet_id, bet_type, bet_description, payout, amount, return_rate, game_id, ssn) values (66, 'Money Line', 'in faucibus orci luctus et ultrices posuere cubilia curae mauris viverra diamMoney Line', 59.64, 33.21, 4.686, '50', '683-28-4772');
insert into Bet_Slip (bet_id, bet_type, bet_description, payout, amount, return_rate, game_id, ssn) values (67, 'Money Line', 'dui vel sem sed sagittis nam congue risus semperMoney Line', 51.24, 1.97, 1.811, '1', '428-94-3131');
insert into Bet_Slip (bet_id, bet_type, bet_description, payout, amount, return_rate, game_id, ssn) values (68, 'Over/Under', 'dolor sit amet consectetuer adipiscing elit proin interdum mauris nonOver/Under', 49.73, 66.43, 2.911, '84', '437-89-0528');
insert into Bet_Slip (bet_id, bet_type, bet_description, payout, amount, return_rate, game_id, ssn) values (69, 'Money Line', 'ultrices phasellus id sapien in sapien iaculis congue vivamus metusMoney Line', 47.91, 27.91, 3.864, '85', '860-05-4126');
insert into Bet_Slip (bet_id, bet_type, bet_description, payout, amount, return_rate, game_id, ssn) values (70, 'Parlay', 'eros elementum pellentesque quisque portaParlay', 9.28, 14.34, 4.756, '166', '466-15-3317');
insert into Bet_Slip (bet_id, bet_type, bet_description, payout, amount, return_rate, game_id, ssn) values (71, 'Parlay', 'euismod scelerisque quam turpis adipiscing lorem vitae mattis nibh ligula nec sem duis aliquamParlay', 85.46, 35.21, 1.917, '62', '361-70-3885');
insert into Bet_Slip (bet_id, bet_type, bet_description, payout, amount, return_rate, game_id, ssn) values (72, 'Over/Under', 'proin leo odio porttitor idOver/Under', 42.09, 94.58, 1.191, '47', '361-70-3885');
insert into Bet_Slip (bet_id, bet_type, bet_description, payout, amount, return_rate, game_id, ssn) values (73, 'Point Spread', 'cubilia curae nulla dapibus dolor vel est donec odio justo sollicitudin ut suscipitPoint Spread', 86.61, 24.21, 3.226, '80', '425-15-3915');
insert into Bet_Slip (bet_id, bet_type, bet_description, payout, amount, return_rate, game_id, ssn) values (74, 'Over/Under', 'sed justo pellentesque viverra pede ac diam cras pellentesque volutpat dui maecenas tristique estOver/Under', 81.74, 47.05, 2.708, '141', '511-42-9701');
insert into Bet_Slip (bet_id, bet_type, bet_description, payout, amount, return_rate, game_id, ssn) values (75, 'Parlay', 'lectus pellentesque at nulla suspendisse potenti cras in purus eu magna vulputate luctus cumParlay', 44.62, 13.53, 3.071, '28', '800-44-4683');
insert into Bet_Slip (bet_id, bet_type, bet_description, payout, amount, return_rate, game_id, ssn) values (76, 'Point Spread', 'amet erat nulla tempus vivamus in felis eu sapien cursus vestibulum proin eu miPoint Spread', 45.19, 15.49, 3.673, '97', '503-32-5953');
insert into Bet_Slip (bet_id, bet_type, bet_description, payout, amount, return_rate, game_id, ssn) values (77, 'Parlay', 'cubilia curae donec pharetra magna vestibulum aliquet ultrices erat tortor sollicitudin mi sitParlay', 43.03, 90.82, 3.017, '90', '319-31-3447');
insert into Bet_Slip (bet_id, bet_type, bet_description, payout, amount, return_rate, game_id, ssn) values (78, 'Over/Under', 'ultrices phasellus id sapien in sapien iaculis congue vivamus metus arcu adipiscing molestie hendrerit atOver/Under', 30.18, 50.84, 1.179, '56', '291-30-1190');
insert into Bet_Slip (bet_id, bet_type, bet_description, payout, amount, return_rate, game_id, ssn) values (79, 'Over/Under', 'duis aliquam convallis nunc proin at turpis a pede posuere nonummy integer non velitOver/Under', 8.15, 89.38, 1.677, '34', '634-11-2571');
insert into Bet_Slip (bet_id, bet_type, bet_description, payout, amount, return_rate, game_id, ssn) values (80, 'Parlay', 'cubilia curae mauris viverra diam vitae quam suspendisse potenti nullam porttitor lacus at turpisParlay', 36.27, 17.66, 4.095, '148', '567-07-7730');
insert into Bet_Slip (bet_id, bet_type, bet_description, payout, amount, return_rate, game_id, ssn) values (81, 'Parlay', 'viverra eget congue eget semper rutrum nulla nunc purus phasellus in felisParlay', 28.21, 37.43, 2.829, '82', '712-84-5708');
insert into Bet_Slip (bet_id, bet_type, bet_description, payout, amount, return_rate, game_id, ssn) values (82, 'Money Line', 'justo in hac habitasse platea dictumst etiam faucibus cursus urna ut tellusMoney Line', 83.77, 88.41, 2.127, '26', '506-72-2064');
insert into Bet_Slip (bet_id, bet_type, bet_description, payout, amount, return_rate, game_id, ssn) values (83, 'Point Spread', 'enim leo rhoncus sed vestibulum sit amet cursus id turpis integer aliquet massaPoint Spread', 52.41, 48.47, 3.553, '6', '540-90-9532');
insert into Bet_Slip (bet_id, bet_type, bet_description, payout, amount, return_rate, game_id, ssn) values (84, 'Point Spread', 'volutpat sapien arcu sed augue aliquam erat volutpat in congue etiam justo etiamPoint Spread', 14.45, 30.19, 3.854, '58', '610-90-4607');
insert into Bet_Slip (bet_id, bet_type, bet_description, payout, amount, return_rate, game_id, ssn) values (85, 'Money Line', 'eleifend pede libero quis orci nullam molestie nibh in lectus pellentesque at nullaMoney Line', 0.96, 71.91, 1.333, '76', '760-74-2086');
insert into Bet_Slip (bet_id, bet_type, bet_description, payout, amount, return_rate, game_id, ssn) values (86, 'Parlay', 'praesent lectus vestibulum quam sapien varius ut blandit non interdum in ante vestibulum anteParlay', 98.41, 97.27, 4.649, '38', '422-08-7189');
insert into Bet_Slip (bet_id, bet_type, bet_description, payout, amount, return_rate, game_id, ssn) values (87, 'Point Spread', 'nulla sed accumsan felis ut at dolor quis odio consequat varius integer ac leoPoint Spread', 26.75, 7.07, 2.268, '25', '235-85-1623');
insert into Bet_Slip (bet_id, bet_type, bet_description, payout, amount, return_rate, game_id, ssn) values (88, 'Parlay', 'sed lacus morbi sem mauris laoreet ut rhoncus aliquet pulvinar sed nislParlay', 83.59, 96.69, 1.693, '121', '440-34-6507');
insert into Bet_Slip (bet_id, bet_type, bet_description, payout, amount, return_rate, game_id, ssn) values (89, 'Parlay', 'lectus in est risus auctor sed tristique inParlay', 92.58, 63.34, 4.205, '147', '411-61-9533');
insert into Bet_Slip (bet_id, bet_type, bet_description, payout, amount, return_rate, game_id, ssn) values (90, 'Parlay', 'cubilia curae nulla dapibus dolor vel est donec odioParlay', 17.62, 60.38, 2.899, '41', '171-35-6915');
insert into Bet_Slip (bet_id, bet_type, bet_description, payout, amount, return_rate, game_id, ssn) values (91, 'Parlay', 'et magnis dis parturient montes nascetur ridiculus mus vivamus vestibulumParlay', 47.48, 77.73, 4.144, '178', '647-49-0971');
insert into Bet_Slip (bet_id, bet_type, bet_description, payout, amount, return_rate, game_id, ssn) values (92, 'Money Line', 'porta volutpat erat quisque eratMoney Line', 87.88, 26.51, 1.586, '163', '660-06-1200');
insert into Bet_Slip (bet_id, bet_type, bet_description, payout, amount, return_rate, game_id, ssn) values (93, 'Over/Under', 'libero convallis eget eleifend luctus ultricies eu nibh quisque id justo sit ametOver/Under', 5.95, 7.52, 1.988, '61', '211-58-6661');
insert into Bet_Slip (bet_id, bet_type, bet_description, payout, amount, return_rate, game_id, ssn) values (94, 'Parlay', 'phasellus in felis donec semper sapien a libero nam dui proin leoParlay', 21.05, 97.78, 4.247, '94', '517-02-3319');
insert into Bet_Slip (bet_id, bet_type, bet_description, payout, amount, return_rate, game_id, ssn) values (95, 'Money Line', 'nullam orci pede venenatis non sodales sed tinciduntMoney Line', 69.36, 6.51, 2.265, '191', '517-02-3319');
insert into Bet_Slip (bet_id, bet_type, bet_description, payout, amount, return_rate, game_id, ssn) values (96, 'Parlay', 'orci vehicula condimentum curabitur in libero ut massa volutpat convallis morbi odio odioParlay', 55.12, 43.28, 4.853, '78', '746-61-9584');
insert into Bet_Slip (bet_id, bet_type, bet_description, payout, amount, return_rate, game_id, ssn) values (97, 'Over/Under', 'platea dictumst morbi vestibulum velit id pretium iaculis diam erat fermentumOver/Under', 91.94, 14.09, 4.649, '165', '746-61-9584');
insert into Bet_Slip (bet_id, bet_type, bet_description, payout, amount, return_rate, game_id, ssn) values (98, 'Point Spread', 'integer ac neque duis bibendum morbi non quam nec duiPoint Spread', 90.05, 60.03, 4.803, '15', '746-61-9584');
insert into Bet_Slip (bet_id, bet_type, bet_description, payout, amount, return_rate, game_id, ssn) values (99, 'Point Spread', 'diam erat fermentum justo necPoint Spread', 67.82, 16.91, 2.789, '5', '725-20-5862');
insert into Bet_Slip (bet_id, bet_type, bet_description, payout, amount, return_rate, game_id, ssn) values (100, 'Over/Under', 'lacus curabitur at ipsum ac tellus semper interdum mauris ullamcorper purusOver/Under', 90.51, 21.62, 1.514, '105', '725-20-5862');

-- Earnings Account

insert into Earnings_Account (ssn, account_no, balance) values ('411-74-9729', 1, 7925.63);
insert into Earnings_Account (ssn, account_no, balance) values ('261-91-4884', 2, 8605.34);
insert into Earnings_Account (ssn, account_no, balance) values ('349-38-8925', 3, 7835.25);
insert into Earnings_Account (ssn, account_no, balance) values ('180-88-5978', 4, 3687.23);
insert into Earnings_Account (ssn, account_no, balance) values ('265-15-3746', 5, 1553.26);
insert into Earnings_Account (ssn, account_no, balance) values ('484-32-6458', 6, 6304.16);
insert into Earnings_Account (ssn, account_no, balance) values ('313-65-0946', 7, 8239.01);
insert into Earnings_Account (ssn, account_no, balance) values ('683-28-4772', 8, 5687.81);
insert into Earnings_Account (ssn, account_no, balance) values ('428-94-3131', 9, 5365.12);
insert into Earnings_Account (ssn, account_no, balance) values ('437-89-0528', 10, 7165.43);
insert into Earnings_Account (ssn, account_no, balance) values ('860-05-4126', 11, 3606.96);
insert into Earnings_Account (ssn, account_no, balance) values ('466-15-3317', 12, 1446.41);
insert into Earnings_Account (ssn, account_no, balance) values ('361-70-3885', 13, 4526.99);
insert into Earnings_Account (ssn, account_no, balance) values ('425-15-3915', 14, 3804.79);
insert into Earnings_Account (ssn, account_no, balance) values ('511-42-9701', 15, 4725.48);
insert into Earnings_Account (ssn, account_no, balance) values ('800-44-4683', 16, 1918.59);
insert into Earnings_Account (ssn, account_no, balance) values ('503-32-5953', 17, 1371.64);
insert into Earnings_Account (ssn, account_no, balance) values ('319-31-3447', 18, 9204.72);
insert into Earnings_Account (ssn, account_no, balance) values ('291-30-1190', 19, 7282.33);
insert into Earnings_Account (ssn, account_no, balance) values ('634-11-2571', 20, 9820.31);
insert into Earnings_Account (ssn, account_no, balance) values ('567-07-7730', 21, 1943.31);
insert into Earnings_Account (ssn, account_no, balance) values ('712-84-5708', 22, 8148.61);
insert into Earnings_Account (ssn, account_no, balance) values ('506-72-2064', 23, 7001.23);
insert into Earnings_Account (ssn, account_no, balance) values ('540-90-9532', 24, 1843.62);
insert into Earnings_Account (ssn, account_no, balance) values ('610-90-4607', 25, 5975.54);
insert into Earnings_Account (ssn, account_no, balance) values ('760-74-2086', 26, 9669.84);
insert into Earnings_Account (ssn, account_no, balance) values ('422-08-7189', 27, 2101.23);
insert into Earnings_Account (ssn, account_no, balance) values ('235-85-1623', 28, 707.36);
insert into Earnings_Account (ssn, account_no, balance) values ('440-34-6507', 29, 3165.11);
insert into Earnings_Account (ssn, account_no, balance) values ('411-61-9533', 30, 2600.43);
insert into Earnings_Account (ssn, account_no, balance) values ('171-35-6915', 31, 6399.27);
insert into Earnings_Account (ssn, account_no, balance) values ('647-49-0971', 32, 2009.49);
insert into Earnings_Account (ssn, account_no, balance) values ('660-06-1200', 33, 752.77);
insert into Earnings_Account (ssn, account_no, balance) values ('211-58-6661', 34, 687.95);
insert into Earnings_Account (ssn, account_no, balance) values ('517-02-3319', 35, 7390.76);
insert into Earnings_Account (ssn, account_no, balance) values ('746-61-9584', 36, 2071.93);
insert into Earnings_Account (ssn, account_no, balance) values ('725-20-5862', 37, 9289.81);

-- Injury Update

insert into Injury_Update (player_id, injury_id, title, upd_body, injury_date) values ('135', 1, 'Resting', 'vestibulum aliquet ultrices erat tortor sollicitudin mi sit amet lobortis sapien sapien non mi integer ac neque duis bibendum morbi non quam nec', '2022-06-24 09:08:22');
insert into Injury_Update (player_id, injury_id, title, upd_body, injury_date) values ('94', 2, 'Resting', 'justo nec condimentum neque sapien placerat ante nulla justo aliquam quis', '2022-08-27 01:32:04');
insert into Injury_Update (player_id, injury_id, title, upd_body, injury_date) values ('97', 3, 'Broken Arm', 'amet lobortis sapien sapien non mi integer ac neque duis bibendum morbi non quam nec dui luctus rutrum nulla tellus in', '2023-04-09 20:10:35');
insert into Injury_Update (player_id, injury_id, title, upd_body, injury_date) values ('248', 4, 'Broken Arm', 'lorem integer tincidunt ante vel ipsum praesent blandit lacinia erat vestibulum sed magna at nunc commodo', '2022-04-27 07:16:42');
insert into Injury_Update (player_id, injury_id, title, upd_body, injury_date) values ('188', 5, 'Sprained Wrist', 'primis in faucibus orci luctus et ultrices posuere cubilia curae donec pharetra magna vestibulum', '2023-02-11 09:48:38');
insert into Injury_Update (player_id, injury_id, title, upd_body, injury_date) values ('227', 6, 'Sprained Wrist', 'libero nullam sit amet turpis elementum ligula vehicula consequat morbi', '2022-07-19 21:20:00');
insert into Injury_Update (player_id, injury_id, title, upd_body, injury_date) values ('69', 7, 'Resting', 'justo morbi ut odio cras mi pede malesuada in imperdiet et commodo vulputate justo in blandit ultrices enim', '2022-09-14 03:35:45');
insert into Injury_Update (player_id, injury_id, title, upd_body, injury_date) values ('233', 8, 'Broken Arm', 'suscipit a feugiat et eros vestibulum ac est lacinia nisi venenatis tristique fusce congue diam id ornare imperdiet sapien urna pretium', '2023-01-08 05:18:12');
insert into Injury_Update (player_id, injury_id, title, upd_body, injury_date) values ('235', 9, 'Sprained Wrist', 'nec molestie sed justo pellentesque viverra pede ac diam cras pellentesque volutpat dui maecenas tristique est et tempus semper est', '2023-03-05 07:19:07');
insert into Injury_Update (player_id, injury_id, title, upd_body, injury_date) values ('199', 10, 'Resting', 'ante vel ipsum praesent blandit lacinia erat vestibulum sed magna at nunc commodo placerat praesent blandit nam nulla integer pede', '2022-12-01 04:47:48');
insert into Injury_Update (player_id, injury_id, title, upd_body, injury_date) values ('291', 11, 'Broken Arm', 'cubilia curae mauris viverra diam vitae quam suspendisse potenti nullam porttitor lacus at turpis donec posuere metus vitae ipsum aliquam non mauris morbi', '2023-01-25 06:13:55');
insert into Injury_Update (player_id, injury_id, title, upd_body, injury_date) values ('201', 12, 'Resting', 'ac leo pellentesque ultrices mattis odio donec vitae nisi nam', '2022-12-11 20:34:52');
insert into Injury_Update (player_id, injury_id, title, upd_body, injury_date) values ('123', 13, 'Resting', 'at feugiat non pretium quis lectus suspendisse potenti in eleifend quam a odio in hac habitasse platea dictumst maecenas ut massa quis augue luctus tincidunt nulla mollis molestie', '2022-05-02 21:59:36');
insert into Injury_Update (player_id, injury_id, title, upd_body, injury_date) values ('122', 14, 'Sprained Wrist', 'luctus et ultrices posuere cubilia curae mauris viverra diam vitae quam suspendisse potenti nullam porttitor lacus at turpis donec posuere metus vitae ipsum aliquam', '2022-06-14 03:59:09');
insert into Injury_Update (player_id, injury_id, title, upd_body, injury_date) values ('106', 15, 'Sprained Wrist', 'cum sociis natoque penatibus et magnis dis parturient montes nascetur ridiculus mus vivamus vestibulum sagittis sapien cum sociis natoque penatibus et magnis dis parturient montes nascetur ridiculus', '2023-03-03 18:11:19');
insert into Injury_Update (player_id, injury_id, title, upd_body, injury_date) values ('226', 16, 'Broken Arm', 'id nulla ultrices aliquet maecenas leo odio condimentum id luctus nec molestie', '2022-08-21 17:27:34');
insert into Injury_Update (player_id, injury_id, title, upd_body, injury_date) values ('293', 17, 'Sprained Wrist', 'lorem id ligula suspendisse ornare consequat lectus in est risus auctor sed tristique in tempus sit amet sem fusce consequat nulla nisl nunc nisl duis', '2022-09-08 02:56:45');
insert into Injury_Update (player_id, injury_id, title, upd_body, injury_date) values ('22', 18, 'Sprained Wrist', 'nisl duis bibendum felis sed interdum venenatis turpis enim blandit mi in porttitor pede justo eu massa donec', '2022-05-06 14:57:37');
insert into Injury_Update (player_id, injury_id, title, upd_body, injury_date) values ('60', 19, 'Broken Arm', 'eget massa tempor convallis nulla neque libero convallis eget eleifend luctus ultricies eu nibh quisque id', '2022-11-14 08:25:18');
insert into Injury_Update (player_id, injury_id, title, upd_body, injury_date) values ('212', 20, 'Broken Arm', 'suspendisse potenti cras in purus eu magna vulputate luctus cum sociis natoque penatibus et magnis dis parturient montes nascetur ridiculus mus vivamus vestibulum sagittis sapien cum sociis natoque penatibus et', '2023-02-19 17:29:48');
insert into Injury_Update (player_id, injury_id, title, upd_body, injury_date) values ('240', 21, 'Broken Arm', 'mauris morbi non lectus aliquam sit amet diam in magna bibendum imperdiet nullam orci pede venenatis non sodales sed', '2022-09-30 02:26:18');
insert into Injury_Update (player_id, injury_id, title, upd_body, injury_date) values ('171', 22, 'Sprained Wrist', 'dapibus nulla suscipit ligula in lacus curabitur at ipsum ac tellus semper interdum mauris ullamcorper purus sit amet nulla quisque arcu libero rutrum ac lobortis vel dapibus at diam nam', '2022-12-28 05:06:25');
insert into Injury_Update (player_id, injury_id, title, upd_body, injury_date) values ('275', 23, 'Sprained Wrist', 'donec odio justo sollicitudin ut suscipit a feugiat et eros vestibulum ac est lacinia nisi venenatis tristique fusce congue diam id ornare imperdiet sapien urna pretium nisl', '2023-03-16 15:56:37');
insert into Injury_Update (player_id, injury_id, title, upd_body, injury_date) values ('29', 24, 'Pulled Muscle', 'accumsan felis ut at dolor quis odio consequat varius integer ac leo pellentesque ultrices mattis odio donec vitae nisi nam ultrices libero non mattis pulvinar nulla pede ullamcorper augue a', '2022-09-21 22:13:06');
insert into Injury_Update (player_id, injury_id, title, upd_body, injury_date) values ('254', 25, 'Resting', 'primis in faucibus orci luctus et ultrices posuere cubilia curae donec pharetra magna vestibulum aliquet ultrices erat tortor sollicitudin', '2023-02-24 12:33:52');
insert into Injury_Update (player_id, injury_id, title, upd_body, injury_date) values ('68', 26, 'Resting', 'amet nunc viverra dapibus nulla suscipit ligula in lacus curabitur at ipsum ac tellus semper interdum mauris ullamcorper purus sit amet nulla quisque arcu libero', '2023-02-13 13:14:25');
insert into Injury_Update (player_id, injury_id, title, upd_body, injury_date) values ('179', 27, 'Resting', 'vel accumsan tellus nisi eu orci mauris lacinia sapien quis', '2023-01-20 22:55:55');
insert into Injury_Update (player_id, injury_id, title, upd_body, injury_date) values ('299', 28, 'Sprained Wrist', 'volutpat dui maecenas tristique est et tempus semper est quam pharetra magna ac consequat metus sapien ut nunc vestibulum ante ipsum primis in faucibus orci luctus et ultrices', '2022-10-14 12:37:11');
insert into Injury_Update (player_id, injury_id, title, upd_body, injury_date) values ('40', 29, 'Resting', 'at vulputate vitae nisl aenean lectus pellentesque eget nunc donec quis', '2023-02-19 20:48:51');
insert into Injury_Update (player_id, injury_id, title, upd_body, injury_date) values ('236', 30, 'Sprained Wrist', 'tortor risus dapibus augue vel accumsan tellus nisi eu orci mauris lacinia sapien quis libero nullam sit amet turpis elementum ligula vehicula consequat morbi a', '2023-02-04 08:45:13');
insert into Injury_Update (player_id, injury_id, title, upd_body, injury_date) values ('45', 31, 'Pulled Muscle', 'proin at turpis a pede posuere nonummy integer non velit donec diam neque vestibulum eget vulputate ut ultrices vel augue', '2022-12-02 21:42:16');
insert into Injury_Update (player_id, injury_id, title, upd_body, injury_date) values ('280', 32, 'Broken Arm', 'vulputate nonummy maecenas tincidunt lacus at velit vivamus vel nulla eget eros elementum pellentesque quisque porta volutpat erat quisque erat eros viverra eget congue eget semper', '2023-01-31 15:05:21');
insert into Injury_Update (player_id, injury_id, title, upd_body, injury_date) values ('81', 33, 'Pulled Muscle', 'lacus morbi quis tortor id nulla ultrices aliquet maecenas leo odio condimentum id luctus', '2023-01-02 13:01:26');
insert into Injury_Update (player_id, injury_id, title, upd_body, injury_date) values ('250', 34, 'Broken Arm', 'non lectus aliquam sit amet diam in magna bibendum imperdiet nullam orci pede venenatis non', '2022-07-08 19:57:22');
insert into Injury_Update (player_id, injury_id, title, upd_body, injury_date) values ('263', 35, 'Resting', 'vivamus vestibulum sagittis sapien cum sociis natoque penatibus et magnis dis parturient montes nascetur ridiculus mus etiam vel augue vestibulum rutrum rutrum', '2022-12-06 00:29:42');
insert into Injury_Update (player_id, injury_id, title, upd_body, injury_date) values ('221', 36, 'Broken Arm', 'nulla integer pede justo lacinia eget tincidunt eget tempus vel pede morbi porttitor lorem id ligula', '2023-02-25 13:18:56');
insert into Injury_Update (player_id, injury_id, title, upd_body, injury_date) values ('51', 37, 'Pulled Muscle', 'enim in tempor turpis nec euismod scelerisque quam turpis adipiscing lorem vitae mattis nibh', '2023-01-22 07:01:57');
insert into Injury_Update (player_id, injury_id, title, upd_body, injury_date) values ('207', 38, 'Pulled Muscle', 'est donec odio justo sollicitudin ut suscipit a feugiat et eros vestibulum ac', '2022-10-04 21:28:07');
insert into Injury_Update (player_id, injury_id, title, upd_body, injury_date) values ('245', 39, 'Pulled Muscle', 'justo aliquam quis turpis eget elit sodales scelerisque mauris sit amet eros suspendisse accumsan tortor quis turpis sed ante vivamus tortor duis mattis egestas metus aenean fermentum donec ut mauris', '2023-03-09 21:05:38');
insert into Injury_Update (player_id, injury_id, title, upd_body, injury_date) values ('103', 40, 'Broken Arm', 'habitasse platea dictumst etiam faucibus cursus urna ut tellus nulla ut erat id mauris vulputate elementum nullam varius nulla facilisi cras non velit nec nisi vulputate nonummy', '2022-08-18 05:09:25');
insert into Injury_Update (player_id, injury_id, title, upd_body, injury_date) values ('252', 41, 'Sprained Wrist', 'in hac habitasse platea dictumst etiam faucibus cursus urna ut tellus nulla ut erat id mauris vulputate elementum nullam varius nulla facilisi cras non velit nec nisi vulputate', '2022-12-03 16:10:14');
insert into Injury_Update (player_id, injury_id, title, upd_body, injury_date) values ('57', 42, 'Sprained Wrist', 'dis parturient montes nascetur ridiculus mus etiam vel augue vestibulum rutrum rutrum neque aenean auctor', '2022-07-01 03:17:41');
insert into Injury_Update (player_id, injury_id, title, upd_body, injury_date) values ('295', 43, 'Resting', 'maecenas tincidunt lacus at velit vivamus vel nulla eget eros elementum pellentesque quisque porta volutpat erat quisque erat eros viverra eget congue eget', '2022-07-21 23:14:13');
insert into Injury_Update (player_id, injury_id, title, upd_body, injury_date) values ('225', 44, 'Sprained Wrist', 'sit amet eros suspendisse accumsan tortor quis turpis sed ante vivamus tortor duis mattis egestas metus aenean fermentum donec ut mauris eget massa tempor convallis nulla neque', '2022-05-05 18:05:14');
insert into Injury_Update (player_id, injury_id, title, upd_body, injury_date) values ('105', 45, 'Resting', 'blandit ultrices enim lorem ipsum dolor sit amet consectetuer adipiscing elit proin interdum', '2022-06-26 23:48:11');
insert into Injury_Update (player_id, injury_id, title, upd_body, injury_date) values ('294', 46, 'Resting', 'mauris eget massa tempor convallis nulla neque libero convallis eget eleifend luctus ultricies eu', '2022-11-19 22:21:00');
insert into Injury_Update (player_id, injury_id, title, upd_body, injury_date) values ('18', 47, 'Sprained Wrist', 'velit eu est congue elementum in hac habitasse platea dictumst morbi vestibulum velit id pretium iaculis diam erat fermentum justo nec condimentum neque', '2023-01-05 19:29:22');
insert into Injury_Update (player_id, injury_id, title, upd_body, injury_date) values ('64', 48, 'Sprained Wrist', 'at velit eu est congue elementum in hac habitasse platea dictumst morbi vestibulum velit', '2023-02-24 05:34:28');
insert into Injury_Update (player_id, injury_id, title, upd_body, injury_date) values ('136', 49, 'Pulled Muscle', 'cum sociis natoque penatibus et magnis dis parturient montes nascetur ridiculus mus vivamus vestibulum sagittis sapien cum sociis natoque penatibus et magnis dis parturient montes nascetur', '2022-10-14 12:00:54');
insert into Injury_Update (player_id, injury_id, title, upd_body, injury_date) values ('87', 50, 'Broken Arm', 'interdum in ante vestibulum ante ipsum primis in faucibus orci luctus et ultrices posuere cubilia', '2022-07-22 07:41:11');
insert into Injury_Update (player_id, injury_id, title, upd_body, injury_date) values ('177', 51, 'Broken Arm', 'praesent blandit nam nulla integer pede justo lacinia eget tincidunt eget tempus vel pede', '2022-12-05 03:04:20');
insert into Injury_Update (player_id, injury_id, title, upd_body, injury_date) values ('257', 52, 'Broken Arm', 'amet sapien dignissim vestibulum vestibulum ante ipsum primis in faucibus orci luctus et ultrices posuere cubilia curae nulla dapibus dolor vel est donec odio justo sollicitudin ut suscipit a feugiat', '2022-06-16 20:27:45');
insert into Injury_Update (player_id, injury_id, title, upd_body, injury_date) values ('266', 53, 'Broken Arm', 'vestibulum sagittis sapien cum sociis natoque penatibus et magnis dis parturient', '2023-02-11 04:33:33');
insert into Injury_Update (player_id, injury_id, title, upd_body, injury_date) values ('274', 54, 'Sprained Wrist', 'venenatis tristique fusce congue diam id ornare imperdiet sapien urna pretium nisl ut volutpat sapien arcu sed augue aliquam', '2022-08-21 20:17:30');
insert into Injury_Update (player_id, injury_id, title, upd_body, injury_date) values ('121', 55, 'Sprained Wrist', 'non sodales sed tincidunt eu felis fusce posuere felis sed lacus morbi sem mauris laoreet ut rhoncus aliquet pulvinar sed nisl nunc rhoncus dui vel sem sed', '2022-04-17 16:41:44');
insert into Injury_Update (player_id, injury_id, title, upd_body, injury_date) values ('86', 56, 'Sprained Wrist', 'neque vestibulum eget vulputate ut ultrices vel augue vestibulum ante ipsum primis in faucibus orci luctus et ultrices posuere cubilia curae donec pharetra magna vestibulum', '2022-07-24 23:27:24');
insert into Injury_Update (player_id, injury_id, title, upd_body, injury_date) values ('244', 57, 'Resting', 'mi pede malesuada in imperdiet et commodo vulputate justo in blandit ultrices', '2022-10-09 21:04:52');
insert into Injury_Update (player_id, injury_id, title, upd_body, injury_date) values ('109', 58, 'Resting', 'amet cursus id turpis integer aliquet massa id lobortis convallis tortor risus dapibus augue vel', '2022-09-30 01:58:14');
insert into Injury_Update (player_id, injury_id, title, upd_body, injury_date) values ('124', 59, 'Sprained Wrist', 'elementum ligula vehicula consequat morbi a ipsum integer a nibh in quis justo maecenas rhoncus aliquam lacus morbi quis tortor', '2022-06-05 13:02:34');
insert into Injury_Update (player_id, injury_id, title, upd_body, injury_date) values ('70', 60, 'Sprained Wrist', 'eu interdum eu tincidunt in leo maecenas pulvinar lobortis est phasellus sit amet erat nulla tempus vivamus in felis eu sapien cursus vestibulum proin eu', '2023-02-24 19:43:16');
insert into Injury_Update (player_id, injury_id, title, upd_body, injury_date) values ('12', 61, 'Pulled Muscle', 'in faucibus orci luctus et ultrices posuere cubilia curae nulla dapibus dolor vel est donec odio justo sollicitudin ut suscipit a feugiat et eros vestibulum ac est lacinia', '2022-06-06 16:18:41');
insert into Injury_Update (player_id, injury_id, title, upd_body, injury_date) values ('156', 62, 'Pulled Muscle', 'aenean fermentum donec ut mauris eget massa tempor convallis nulla neque libero convallis eget eleifend luctus ultricies', '2023-02-19 08:27:58');
insert into Injury_Update (player_id, injury_id, title, upd_body, injury_date) values ('145', 63, 'Broken Arm', 'proin eu mi nulla ac enim in tempor turpis nec', '2022-11-09 12:58:26');
insert into Injury_Update (player_id, injury_id, title, upd_body, injury_date) values ('169', 64, 'Sprained Wrist', 'odio porttitor id consequat in consequat ut nulla sed accumsan', '2023-01-12 21:37:40');
insert into Injury_Update (player_id, injury_id, title, upd_body, injury_date) values ('290', 65, 'Pulled Muscle', 'ut suscipit a feugiat et eros vestibulum ac est lacinia nisi venenatis tristique fusce congue diam id ornare imperdiet sapien urna pretium nisl ut volutpat sapien', '2022-06-01 14:22:59');
insert into Injury_Update (player_id, injury_id, title, upd_body, injury_date) values ('79', 66, 'Resting', 'ultrices enim lorem ipsum dolor sit amet consectetuer adipiscing elit proin interdum mauris non ligula pellentesque ultrices phasellus id sapien in sapien iaculis congue vivamus metus arcu adipiscing molestie', '2022-05-05 04:41:45');
insert into Injury_Update (player_id, injury_id, title, upd_body, injury_date) values ('247', 67, 'Pulled Muscle', 'donec ut mauris eget massa tempor convallis nulla neque libero convallis eget eleifend luctus ultricies eu', '2022-05-27 22:48:43');
insert into Injury_Update (player_id, injury_id, title, upd_body, injury_date) values ('259', 68, 'Sprained Wrist', 'mauris eget massa tempor convallis nulla neque libero convallis eget eleifend luctus', '2022-07-30 06:34:45');
insert into Injury_Update (player_id, injury_id, title, upd_body, injury_date) values ('209', 69, 'Pulled Muscle', 'maecenas leo odio condimentum id luctus nec molestie sed justo pellentesque viverra pede ac diam cras pellentesque volutpat dui maecenas tristique est et tempus', '2023-03-28 01:21:07');
insert into Injury_Update (player_id, injury_id, title, upd_body, injury_date) values ('91', 70, 'Resting', 'in felis donec semper sapien a libero nam dui proin leo odio porttitor id consequat in consequat ut nulla sed accumsan felis ut at dolor quis odio consequat varius integer', '2022-08-30 19:07:50');
insert into Injury_Update (player_id, injury_id, title, upd_body, injury_date) values ('111', 71, 'Pulled Muscle', 'quis libero nullam sit amet turpis elementum ligula vehicula consequat morbi a ipsum integer a nibh in quis justo maecenas rhoncus aliquam lacus', '2022-09-13 09:15:44');
insert into Injury_Update (player_id, injury_id, title, upd_body, injury_date) values ('114', 72, 'Resting', 'vel sem sed sagittis nam congue risus semper porta volutpat quam pede lobortis ligula sit amet eleifend pede libero quis', '2022-09-26 05:58:07');
insert into Injury_Update (player_id, injury_id, title, upd_body, injury_date) values ('16', 73, 'Sprained Wrist', 'quam a odio in hac habitasse platea dictumst maecenas ut massa quis augue luctus tincidunt nulla mollis molestie lorem quisque ut erat curabitur gravida nisi at nibh in', '2022-12-16 21:57:37');
insert into Injury_Update (player_id, injury_id, title, upd_body, injury_date) values ('112', 74, 'Resting', 'sapien sapien non mi integer ac neque duis bibendum morbi non quam nec', '2022-06-23 05:04:05');
insert into Injury_Update (player_id, injury_id, title, upd_body, injury_date) values ('46', 75, 'Resting', 'aliquet maecenas leo odio condimentum id luctus nec molestie sed justo pellentesque viverra pede ac diam cras pellentesque volutpat dui maecenas tristique est et tempus', '2022-06-03 05:54:31');
insert into Injury_Update (player_id, injury_id, title, upd_body, injury_date) values ('289', 76, 'Broken Arm', 'at nibh in hac habitasse platea dictumst aliquam augue quam sollicitudin vitae consectetuer eget rutrum at lorem integer tincidunt', '2023-03-21 12:29:58');
insert into Injury_Update (player_id, injury_id, title, upd_body, injury_date) values ('165', 77, 'Resting', 'ut nunc vestibulum ante ipsum primis in faucibus orci luctus et ultrices posuere cubilia curae mauris viverra diam vitae quam suspendisse potenti', '2022-09-19 12:10:57');
insert into Injury_Update (player_id, injury_id, title, upd_body, injury_date) values ('34', 78, 'Resting', 'erat fermentum justo nec condimentum neque sapien placerat ante nulla', '2022-12-06 23:07:38');
insert into Injury_Update (player_id, injury_id, title, upd_body, injury_date) values ('186', 79, 'Pulled Muscle', 'amet erat nulla tempus vivamus in felis eu sapien cursus vestibulum proin eu', '2022-12-11 01:54:42');
insert into Injury_Update (player_id, injury_id, title, upd_body, injury_date) values ('267', 80, 'Sprained Wrist', 'libero quis orci nullam molestie nibh in lectus pellentesque at nulla suspendisse potenti cras', '2023-02-22 21:10:42');
insert into Injury_Update (player_id, injury_id, title, upd_body, injury_date) values ('160', 81, 'Broken Arm', 'id consequat in consequat ut nulla sed accumsan felis ut at dolor quis odio consequat varius integer ac leo pellentesque ultrices mattis odio donec vitae nisi nam ultrices libero non', '2023-02-12 11:04:25');
insert into Injury_Update (player_id, injury_id, title, upd_body, injury_date) values ('149', 82, 'Resting', 'est phasellus sit amet erat nulla tempus vivamus in felis eu sapien cursus vestibulum proin eu mi nulla ac enim in', '2022-05-29 23:47:41');
insert into Injury_Update (player_id, injury_id, title, upd_body, injury_date) values ('147', 83, 'Broken Arm', 'integer ac leo pellentesque ultrices mattis odio donec vitae nisi nam ultrices libero non mattis pulvinar', '2023-02-03 16:47:26');
insert into Injury_Update (player_id, injury_id, title, upd_body, injury_date) values ('237', 84, 'Sprained Wrist', 'aliquam quis turpis eget elit sodales scelerisque mauris sit amet eros suspendisse accumsan tortor quis', '2022-12-31 20:52:26');
insert into Injury_Update (player_id, injury_id, title, upd_body, injury_date) values ('99', 85, 'Sprained Wrist', 'vel enim sit amet nunc viverra dapibus nulla suscipit ligula in lacus curabitur', '2022-08-26 15:43:52');
insert into Injury_Update (player_id, injury_id, title, upd_body, injury_date) values ('73', 86, 'Sprained Wrist', 'ipsum aliquam non mauris morbi non lectus aliquam sit amet diam in magna bibendum imperdiet nullam orci pede venenatis non sodales sed tincidunt eu felis fusce posuere', '2022-11-07 15:06:41');
insert into Injury_Update (player_id, injury_id, title, upd_body, injury_date) values ('284', 87, 'Pulled Muscle', 'aliquam augue quam sollicitudin vitae consectetuer eget rutrum at lorem integer tincidunt ante vel ipsum praesent blandit lacinia erat vestibulum sed', '2022-08-15 19:45:35');
insert into Injury_Update (player_id, injury_id, title, upd_body, injury_date) values ('83', 88, 'Resting', 'enim blandit mi in porttitor pede justo eu massa donec dapibus', '2022-10-06 09:48:09');
insert into Injury_Update (player_id, injury_id, title, upd_body, injury_date) values ('193', 89, 'Broken Arm', 'at velit eu est congue elementum in hac habitasse platea', '2022-06-28 15:29:26');
insert into Injury_Update (player_id, injury_id, title, upd_body, injury_date) values ('228', 90, 'Resting', 'sed tristique in tempus sit amet sem fusce consequat nulla nisl nunc nisl duis bibendum', '2022-04-13 14:18:38');
insert into Injury_Update (player_id, injury_id, title, upd_body, injury_date) values ('208', 91, 'Broken Arm', 'felis donec semper sapien a libero nam dui proin leo odio porttitor id consequat in consequat ut nulla sed accumsan felis ut at dolor quis odio consequat', '2023-02-10 22:14:15');
insert into Injury_Update (player_id, injury_id, title, upd_body, injury_date) values ('38', 92, 'Sprained Wrist', 'tempor convallis nulla neque libero convallis eget eleifend luctus ultricies eu nibh quisque id justo sit amet sapien dignissim vestibulum vestibulum ante ipsum primis in faucibus orci luctus et', '2022-08-28 00:06:00');
insert into Injury_Update (player_id, injury_id, title, upd_body, injury_date) values ('217', 93, 'Sprained Wrist', 'odio in hac habitasse platea dictumst maecenas ut massa quis augue luctus tincidunt nulla mollis molestie lorem quisque ut erat curabitur gravida', '2022-08-26 14:26:39');
insert into Injury_Update (player_id, injury_id, title, upd_body, injury_date) values ('198', 94, 'Broken Arm', 'at velit vivamus vel nulla eget eros elementum pellentesque quisque porta volutpat erat quisque erat eros viverra eget congue eget semper rutrum nulla nunc purus phasellus in felis donec', '2022-09-25 23:31:12');
insert into Injury_Update (player_id, injury_id, title, upd_body, injury_date) values ('224', 95, 'Sprained Wrist', 'nulla neque libero convallis eget eleifend luctus ultricies eu nibh quisque id justo', '2023-02-20 07:33:50');
insert into Injury_Update (player_id, injury_id, title, upd_body, injury_date) values ('98', 96, 'Pulled Muscle', 'orci vehicula condimentum curabitur in libero ut massa volutpat convallis morbi odio odio elementum eu interdum eu', '2022-12-08 21:27:04');
insert into Injury_Update (player_id, injury_id, title, upd_body, injury_date) values ('164', 97, 'Sprained Wrist', 'potenti in eleifend quam a odio in hac habitasse platea dictumst maecenas ut massa quis augue luctus tincidunt', '2022-09-07 06:24:47');
insert into Injury_Update (player_id, injury_id, title, upd_body, injury_date) values ('128', 98, 'Sprained Wrist', 'donec ut dolor morbi vel lectus in quam fringilla rhoncus mauris enim leo rhoncus sed vestibulum sit amet cursus id turpis integer', '2022-05-25 15:14:42');
insert into Injury_Update (player_id, injury_id, title, upd_body, injury_date) values ('104', 99, 'Broken Arm', 'nunc commodo placerat praesent blandit nam nulla integer pede justo', '2022-11-29 10:03:21');
insert into Injury_Update (player_id, injury_id, title, upd_body, injury_date) values ('39', 100, 'Resting', 'posuere cubilia curae duis faucibus accumsan odio curabitur convallis duis consequat dui nec nisi volutpat eleifend donec ut dolor morbi vel lectus in quam fringilla rhoncus mauris enim leo', '2022-12-21 09:35:57');
insert into Injury_Update (player_id, injury_id, title, upd_body, injury_date) values ('132', 101, 'Broken Arm', 'eros viverra eget congue eget semper rutrum nulla nunc purus phasellus in felis donec semper sapien a libero nam dui proin leo odio porttitor id consequat in consequat ut', '2023-01-02 23:21:47');
insert into Injury_Update (player_id, injury_id, title, upd_body, injury_date) values ('238', 102, 'Resting', 'sagittis nam congue risus semper porta volutpat quam pede lobortis ligula sit', '2022-06-24 00:32:43');
insert into Injury_Update (player_id, injury_id, title, upd_body, injury_date) values ('28', 103, 'Pulled Muscle', 'nascetur ridiculus mus etiam vel augue vestibulum rutrum rutrum neque aenean auctor gravida sem praesent id massa id nisl venenatis lacinia aenean sit', '2022-08-12 00:59:04');
insert into Injury_Update (player_id, injury_id, title, upd_body, injury_date) values ('13', 104, 'Pulled Muscle', 'ultrices vel augue vestibulum ante ipsum primis in faucibus orci luctus et ultrices posuere cubilia curae donec pharetra magna vestibulum aliquet ultrices erat tortor', '2022-10-04 02:31:24');
insert into Injury_Update (player_id, injury_id, title, upd_body, injury_date) values ('90', 105, 'Pulled Muscle', 'sed ante vivamus tortor duis mattis egestas metus aenean fermentum donec ut mauris eget massa tempor convallis nulla neque libero convallis eget eleifend', '2022-05-12 10:31:22');
insert into Injury_Update (player_id, injury_id, title, upd_body, injury_date) values ('65', 106, 'Pulled Muscle', 'dolor sit amet consectetuer adipiscing elit proin risus praesent lectus vestibulum quam sapien varius ut blandit non interdum in ante vestibulum ante ipsum primis in faucibus', '2023-01-17 15:09:20');
insert into Injury_Update (player_id, injury_id, title, upd_body, injury_date) values ('2', 107, 'Broken Arm', 'ultrices libero non mattis pulvinar nulla pede ullamcorper augue a suscipit nulla elit ac nulla sed vel', '2022-07-28 20:59:27');
insert into Injury_Update (player_id, injury_id, title, upd_body, injury_date) values ('23', 108, 'Resting', 'nisi nam ultrices libero non mattis pulvinar nulla pede ullamcorper augue a suscipit nulla elit ac nulla sed vel enim sit amet nunc viverra dapibus', '2022-07-14 01:47:09');
insert into Injury_Update (player_id, injury_id, title, upd_body, injury_date) values ('214', 109, 'Resting', 'odio justo sollicitudin ut suscipit a feugiat et eros vestibulum ac est lacinia nisi venenatis tristique fusce congue diam id ornare imperdiet', '2023-03-18 19:27:30');
insert into Injury_Update (player_id, injury_id, title, upd_body, injury_date) values ('243', 110, 'Sprained Wrist', 'elementum in hac habitasse platea dictumst morbi vestibulum velit id pretium iaculis diam erat fermentum justo nec condimentum neque sapien placerat', '2022-05-09 22:01:07');
insert into Injury_Update (player_id, injury_id, title, upd_body, injury_date) values ('185', 111, 'Broken Arm', 'odio justo sollicitudin ut suscipit a feugiat et eros vestibulum', '2022-05-22 10:29:49');
insert into Injury_Update (player_id, injury_id, title, upd_body, injury_date) values ('273', 112, 'Resting', 'pede posuere nonummy integer non velit donec diam neque vestibulum eget vulputate ut ultrices vel augue vestibulum ante ipsum primis in faucibus orci luctus et ultrices posuere cubilia curae', '2022-07-17 03:38:57');
insert into Injury_Update (player_id, injury_id, title, upd_body, injury_date) values ('17', 113, 'Broken Arm', 'lobortis convallis tortor risus dapibus augue vel accumsan tellus nisi eu orci mauris lacinia sapien quis', '2022-12-20 11:25:04');
insert into Injury_Update (player_id, injury_id, title, upd_body, injury_date) values ('182', 114, 'Resting', 'varius nulla facilisi cras non velit nec nisi vulputate nonummy maecenas tincidunt lacus at velit', '2022-05-10 19:49:42');
insert into Injury_Update (player_id, injury_id, title, upd_body, injury_date) values ('15', 115, 'Broken Arm', 'ac enim in tempor turpis nec euismod scelerisque quam turpis adipiscing lorem vitae', '2022-08-07 10:25:29');
insert into Injury_Update (player_id, injury_id, title, upd_body, injury_date) values ('297', 116, 'Pulled Muscle', 'consectetuer adipiscing elit proin interdum mauris non ligula pellentesque ultrices phasellus id sapien in sapien iaculis congue vivamus metus arcu adipiscing molestie hendrerit at vulputate vitae nisl aenean lectus', '2022-07-19 07:02:44');
insert into Injury_Update (player_id, injury_id, title, upd_body, injury_date) values ('229', 117, 'Pulled Muscle', 'nunc commodo placerat praesent blandit nam nulla integer pede justo lacinia eget tincidunt eget tempus vel pede morbi porttitor lorem id ligula suspendisse ornare consequat', '2022-10-08 22:27:21');
insert into Injury_Update (player_id, injury_id, title, upd_body, injury_date) values ('285', 118, 'Pulled Muscle', 'accumsan tortor quis turpis sed ante vivamus tortor duis mattis egestas metus aenean fermentum donec ut mauris eget massa tempor convallis', '2023-02-06 02:37:18');
insert into Injury_Update (player_id, injury_id, title, upd_body, injury_date) values ('76', 119, 'Broken Arm', 'nibh fusce lacus purus aliquet at feugiat non pretium quis lectus suspendisse potenti in eleifend quam a odio in hac habitasse platea dictumst', '2023-02-21 12:55:50');
insert into Injury_Update (player_id, injury_id, title, upd_body, injury_date) values ('168', 120, 'Sprained Wrist', 'lorem quisque ut erat curabitur gravida nisi at nibh in hac habitasse platea dictumst aliquam augue quam sollicitudin vitae consectetuer eget rutrum at lorem', '2022-07-19 03:39:13');
insert into Injury_Update (player_id, injury_id, title, upd_body, injury_date) values ('72', 121, 'Broken Arm', 'pede malesuada in imperdiet et commodo vulputate justo in blandit', '2022-09-29 22:16:59');
insert into Injury_Update (player_id, injury_id, title, upd_body, injury_date) values ('256', 122, 'Pulled Muscle', 'primis in faucibus orci luctus et ultrices posuere cubilia curae nulla dapibus dolor', '2022-04-22 05:42:38');
insert into Injury_Update (player_id, injury_id, title, upd_body, injury_date) values ('189', 123, 'Pulled Muscle', 'feugiat non pretium quis lectus suspendisse potenti in eleifend quam a odio in hac habitasse platea dictumst maecenas ut massa quis augue luctus tincidunt nulla', '2022-12-01 12:16:08');
insert into Injury_Update (player_id, injury_id, title, upd_body, injury_date) values ('241', 124, 'Sprained Wrist', 'vestibulum sit amet cursus id turpis integer aliquet massa id lobortis convallis tortor risus dapibus augue vel accumsan tellus nisi', '2022-06-07 18:23:53');
insert into Injury_Update (player_id, injury_id, title, upd_body, injury_date) values ('125', 125, 'Pulled Muscle', 'nulla justo aliquam quis turpis eget elit sodales scelerisque mauris sit amet eros suspendisse accumsan tortor quis turpis sed ante vivamus tortor duis mattis egestas metus aenean fermentum donec ut', '2023-02-19 02:45:39');
insert into Injury_Update (player_id, injury_id, title, upd_body, injury_date) values ('80', 126, 'Pulled Muscle', 'magna at nunc commodo placerat praesent blandit nam nulla integer pede justo', '2022-07-30 22:30:02');
insert into Injury_Update (player_id, injury_id, title, upd_body, injury_date) values ('269', 127, 'Resting', 'nulla nunc purus phasellus in felis donec semper sapien a libero nam dui', '2023-01-31 02:19:57');
insert into Injury_Update (player_id, injury_id, title, upd_body, injury_date) values ('137', 128, 'Sprained Wrist', 'non velit nec nisi vulputate nonummy maecenas tincidunt lacus at velit vivamus vel nulla eget eros elementum pellentesque quisque porta volutpat erat quisque erat eros viverra eget', '2022-06-09 16:44:22');
insert into Injury_Update (player_id, injury_id, title, upd_body, injury_date) values ('190', 129, 'Broken Arm', 'id consequat in consequat ut nulla sed accumsan felis ut at dolor quis odio consequat', '2022-10-03 21:25:07');
insert into Injury_Update (player_id, injury_id, title, upd_body, injury_date) values ('120', 130, 'Pulled Muscle', 'dignissim vestibulum vestibulum ante ipsum primis in faucibus orci luctus et ultrices posuere cubilia curae nulla dapibus dolor vel est donec odio', '2022-11-25 04:11:36');
insert into Injury_Update (player_id, injury_id, title, upd_body, injury_date) values ('37', 131, 'Pulled Muscle', 'amet turpis elementum ligula vehicula consequat morbi a ipsum integer a nibh', '2022-06-18 23:15:35');
insert into Injury_Update (player_id, injury_id, title, upd_body, injury_date) values ('191', 132, 'Broken Arm', 'eu magna vulputate luctus cum sociis natoque penatibus et magnis dis parturient montes nascetur ridiculus mus vivamus vestibulum sagittis sapien cum sociis natoque penatibus', '2022-07-16 10:15:21');
insert into Injury_Update (player_id, injury_id, title, upd_body, injury_date) values ('180', 133, 'Sprained Wrist', 'morbi porttitor lorem id ligula suspendisse ornare consequat lectus in est risus', '2022-11-23 06:50:43');
insert into Injury_Update (player_id, injury_id, title, upd_body, injury_date) values ('117', 134, 'Resting', 'congue etiam justo etiam pretium iaculis justo in hac habitasse platea dictumst etiam faucibus cursus urna ut tellus nulla', '2023-03-30 01:33:33');
insert into Injury_Update (player_id, injury_id, title, upd_body, injury_date) values ('4', 135, 'Broken Arm', 'a pede posuere nonummy integer non velit donec diam neque vestibulum eget vulputate ut ultrices vel augue vestibulum ante ipsum', '2022-11-08 03:49:29');
insert into Injury_Update (player_id, injury_id, title, upd_body, injury_date) values ('92', 136, 'Resting', 'sapien arcu sed augue aliquam erat volutpat in congue etiam justo etiam pretium iaculis justo in hac habitasse platea dictumst', '2022-07-07 07:30:03');
insert into Injury_Update (player_id, injury_id, title, upd_body, injury_date) values ('242', 137, 'Sprained Wrist', 'et ultrices posuere cubilia curae donec pharetra magna vestibulum aliquet ultrices erat tortor sollicitudin mi sit amet lobortis sapien sapien non mi integer ac neque duis', '2022-12-22 12:10:31');
insert into Injury_Update (player_id, injury_id, title, upd_body, injury_date) values ('19', 138, 'Resting', 'volutpat sapien arcu sed augue aliquam erat volutpat in congue etiam justo etiam pretium iaculis justo in hac habitasse platea dictumst etiam faucibus cursus urna ut', '2022-04-19 06:10:20');
insert into Injury_Update (player_id, injury_id, title, upd_body, injury_date) values ('271', 139, 'Pulled Muscle', 'turpis enim blandit mi in porttitor pede justo eu massa donec dapibus duis at', '2022-06-23 22:20:45');
insert into Injury_Update (player_id, injury_id, title, upd_body, injury_date) values ('30', 140, 'Resting', 'posuere felis sed lacus morbi sem mauris laoreet ut rhoncus aliquet pulvinar sed nisl nunc rhoncus dui vel sem sed sagittis nam congue risus semper porta volutpat', '2022-11-02 16:21:29');
insert into Injury_Update (player_id, injury_id, title, upd_body, injury_date) values ('27', 141, 'Resting', 'nisi eu orci mauris lacinia sapien quis libero nullam sit amet turpis elementum ligula vehicula consequat morbi a ipsum integer a nibh in quis', '2022-11-25 10:38:49');
insert into Injury_Update (player_id, injury_id, title, upd_body, injury_date) values ('11', 142, 'Pulled Muscle', 'mus vivamus vestibulum sagittis sapien cum sociis natoque penatibus et magnis dis parturient montes nascetur ridiculus mus etiam vel augue vestibulum rutrum rutrum neque aenean auctor gravida', '2022-08-03 09:47:47');
insert into Injury_Update (player_id, injury_id, title, upd_body, injury_date) values ('148', 143, 'Pulled Muscle', 'convallis nunc proin at turpis a pede posuere nonummy integer non velit donec diam neque vestibulum eget vulputate ut ultrices vel augue vestibulum ante ipsum primis', '2022-05-08 08:45:06');
insert into Injury_Update (player_id, injury_id, title, upd_body, injury_date) values ('197', 144, 'Broken Arm', 'duis ac nibh fusce lacus purus aliquet at feugiat non pretium quis lectus suspendisse potenti in eleifend quam a odio in hac habitasse platea dictumst maecenas ut', '2022-11-08 15:30:27');
insert into Injury_Update (player_id, injury_id, title, upd_body, injury_date) values ('154', 145, 'Resting', 'purus aliquet at feugiat non pretium quis lectus suspendisse potenti in eleifend quam a odio in hac habitasse platea dictumst maecenas ut massa quis', '2022-09-01 23:35:33');
insert into Injury_Update (player_id, injury_id, title, upd_body, injury_date) values ('277', 146, 'Resting', 'penatibus et magnis dis parturient montes nascetur ridiculus mus etiam vel augue vestibulum rutrum rutrum neque aenean auctor gravida sem praesent', '2022-11-23 12:22:56');
insert into Injury_Update (player_id, injury_id, title, upd_body, injury_date) values ('41', 147, 'Resting', 'sodales sed tincidunt eu felis fusce posuere felis sed lacus morbi sem mauris', '2022-12-22 17:18:29');
insert into Injury_Update (player_id, injury_id, title, upd_body, injury_date) values ('253', 148, 'Sprained Wrist', 'sapien a libero nam dui proin leo odio porttitor id consequat in consequat ut nulla sed accumsan felis ut at dolor quis odio consequat', '2022-06-24 16:02:19');
insert into Injury_Update (player_id, injury_id, title, upd_body, injury_date) values ('184', 149, 'Sprained Wrist', 'turpis enim blandit mi in porttitor pede justo eu massa donec dapibus duis at', '2022-07-29 14:20:07');
insert into Injury_Update (player_id, injury_id, title, upd_body, injury_date) values ('50', 150, 'Resting', 'lacinia eget tincidunt eget tempus vel pede morbi porttitor lorem id ligula suspendisse ornare consequat', '2023-03-01 22:10:24');

-- NewsArticle Game

insert into NewsArticle_Game (game_id, hyperlink) values ('3', 'http://purevolume.com');
insert into NewsArticle_Game (game_id, hyperlink) values ('189', 'http://go.com');
insert into NewsArticle_Game (game_id, hyperlink) values ('27', 'https://istockphoto.com');
insert into NewsArticle_Game (game_id, hyperlink) values ('72', 'https://opera.com');
insert into NewsArticle_Game (game_id, hyperlink) values ('173', 'https://theatlantic.com');
insert into NewsArticle_Game (game_id, hyperlink) values ('13', 'http://marketwatch.com');
insert into NewsArticle_Game (game_id, hyperlink) values ('109', 'http://studiopress.com');
insert into NewsArticle_Game (game_id, hyperlink) values ('46', 'http://rambler.ru');
insert into NewsArticle_Game (game_id, hyperlink) values ('108', 'http://sun.com');
insert into NewsArticle_Game (game_id, hyperlink) values ('87', 'https://unblog.fr');
insert into NewsArticle_Game (game_id, hyperlink) values ('90', 'http://ebay.com');
insert into NewsArticle_Game (game_id, hyperlink) values ('155', 'http://skyrock.com');
insert into NewsArticle_Game (game_id, hyperlink) values ('17', 'https://patch.com');
insert into NewsArticle_Game (game_id, hyperlink) values ('37', 'https://ft.com');
insert into NewsArticle_Game (game_id, hyperlink) values ('200', 'https://vimeo.com');
insert into NewsArticle_Game (game_id, hyperlink) values ('41', 'http://blog.com');
insert into NewsArticle_Game (game_id, hyperlink) values ('2', 'http://dedecms.com');
insert into NewsArticle_Game (game_id, hyperlink) values ('18', 'https://t.co');
insert into NewsArticle_Game (game_id, hyperlink) values ('121', 'https://is.gd');
insert into NewsArticle_Game (game_id, hyperlink) values ('119', 'http://indiegogo.com');
insert into NewsArticle_Game (game_id, hyperlink) values ('183', 'http://opera.com');

-- Highlight Keywords

insert into Highlight_Keywords (clip_id, keywords) values ('48', 'sapien cursus vestibulum proin eu mi');
insert into Highlight_Keywords (clip_id, keywords) values ('16', 'nisi at');
insert into Highlight_Keywords (clip_id, keywords) values ('7', 'vestibulum ante ipsum primis');
insert into Highlight_Keywords (clip_id, keywords) values ('96', 'mattis odio donec vitae');
insert into Highlight_Keywords (clip_id, keywords) values ('71', 'morbi a');
insert into Highlight_Keywords (clip_id, keywords) values ('6', 'nibh ligula nec sem duis');
insert into Highlight_Keywords (clip_id, keywords) values ('83', 'libero nullam sit amet turpis');
insert into Highlight_Keywords (clip_id, keywords) values ('97', 'tristique fusce congue diam id ornare');
insert into Highlight_Keywords (clip_id, keywords) values ('10', 'dapibus duis at velit');
insert into Highlight_Keywords (clip_id, keywords) values ('55', 'luctus et ultrices posuere cubilia curae');
insert into Highlight_Keywords (clip_id, keywords) values ('89', 'adipiscing elit proin');
insert into Highlight_Keywords (clip_id, keywords) values ('40', 'dolor quis odio consequat varius integer');
insert into Highlight_Keywords (clip_id, keywords) values ('36', 'sagittis dui vel nisl duis ac');
insert into Highlight_Keywords (clip_id, keywords) values ('81', 'a odio in');
insert into Highlight_Keywords (clip_id, keywords) values ('4', 'ac enim in tempor turpis');
insert into Highlight_Keywords (clip_id, keywords) values ('33', 'blandit nam nulla');
insert into Highlight_Keywords (clip_id, keywords) values ('95', 'ut odio cras');
insert into Highlight_Keywords (clip_id, keywords) values ('1', 'in felis eu sapien');
insert into Highlight_Keywords (clip_id, keywords) values ('86', 'quam sollicitudin vitae');
insert into Highlight_Keywords (clip_id, keywords) values ('18', 'ut nunc vestibulum ante ipsum');
insert into Highlight_Keywords (clip_id, keywords) values ('27', 'consequat ut nulla');
insert into Highlight_Keywords (clip_id, keywords) values ('94', 'volutpat dui maecenas');
insert into Highlight_Keywords (clip_id, keywords) values ('26', 'vivamus in felis eu sapien');
insert into Highlight_Keywords (clip_id, keywords) values ('46', 'consequat morbi a');
insert into Highlight_Keywords (clip_id, keywords) values ('68', 'condimentum curabitur');
insert into Highlight_Keywords (clip_id, keywords) values ('34', 'ac diam cras');
insert into Highlight_Keywords (clip_id, keywords) values ('28', 'parturient montes nascetur ridiculus mus');
insert into Highlight_Keywords (clip_id, keywords) values ('64', 'curae mauris viverra diam vitae');
insert into Highlight_Keywords (clip_id, keywords) values ('99', 'tortor sollicitudin mi sit amet lobortis');
insert into Highlight_Keywords (clip_id, keywords) values ('79', 'laoreet ut rhoncus aliquet pulvinar');
insert into Highlight_Keywords (clip_id, keywords) values ('45', 'vitae mattis nibh ligula');
insert into Highlight_Keywords (clip_id, keywords) values ('23', 'nam ultrices libero');
insert into Highlight_Keywords (clip_id, keywords) values ('91', 'consequat morbi');
insert into Highlight_Keywords (clip_id, keywords) values ('5', 'lacinia erat');
insert into Highlight_Keywords (clip_id, keywords) values ('98', 'cras pellentesque');
insert into Highlight_Keywords (clip_id, keywords) values ('76', 'metus aenean');
insert into Highlight_Keywords (clip_id, keywords) values ('92', 'dapibus at diam nam');
insert into Highlight_Keywords (clip_id, keywords) values ('12', 'at turpis');
insert into Highlight_Keywords (clip_id, keywords) values ('65', 'leo pellentesque ultrices');
insert into Highlight_Keywords (clip_id, keywords) values ('77', 'nisl aenean lectus pellentesque');
